[{"model": "contenttypes.contenttype", "pk": 1, "fields": {"app_label": "cms", "model": "placeholder"}}, {"model": "contenttypes.contenttype", "pk": 2, "fields": {"app_label": "cms", "model": "page"}}, {"model": "contenttypes.contenttype", "pk": 3, "fields": {"app_label": "auth", "model": "permission"}}, {"model": "contenttypes.contenttype", "pk": 4, "fields": {"app_label": "auth", "model": "group"}}, {"model": "contenttypes.contenttype", "pk": 5, "fields": {"app_label": "auth", "model": "user"}}, {"model": "contenttypes.contenttype", "pk": 6, "fields": {"app_label": "contenttypes", "model": "contenttype"}}, {"model": "contenttypes.contenttype", "pk": 7, "fields": {"app_label": "sessions", "model": "session"}}, {"model": "contenttypes.contenttype", "pk": 8, "fields": {"app_label": "admin", "model": "logentry"}}, {"model": "contenttypes.contenttype", "pk": 9, "fields": {"app_label": "sites", "model": "site"}}, {"model": "contenttypes.contenttype", "pk": 10, "fields": {"app_label": "cms", "model": "cmsplugin"}}, {"model": "contenttypes.contenttype", "pk": 11, "fields": {"app_label": "cms", "model": "aliaspluginmodel"}}, {"model": "contenttypes.contenttype", "pk": 12, "fields": {"app_label": "cms", "model": "globalpagepermission"}}, {"model": "contenttypes.contenttype", "pk": 13, "fields": {"app_label": "cms", "model": "pagepermission"}}, {"model": "contenttypes.contenttype", "pk": 14, "fields": {"app_label": "cms", "model": "pageuser"}}, {"model": "contenttypes.contenttype", "pk": 15, "fields": {"app_label": "cms", "model": "pageusergroup"}}, {"model": "contenttypes.contenttype", "pk": 16, "fields": {"app_label": "cms", "model": "placeholderreference"}}, {"model": "contenttypes.contenttype", "pk": 17, "fields": {"app_label": "cms", "model": "staticplaceholder"}}, {"model": "contenttypes.contenttype", "pk": 18, "fields": {"app_label": "cms", "model": "title"}}, {"model": "contenttypes.contenttype", "pk": 19, "fields": {"app_label": "cms", "model": "usersettings"}}, {"model": "contenttypes.contenttype", "pk": 20, "fields": {"app_label": "cms", "model": "urlconfrevision"}}, {"model": "contenttypes.contenttype", "pk": 21, "fields": {"app_label": "cms", "model": "treenode"}}, {"model": "contenttypes.contenttype", "pk": 22, "fields": {"app_label": "cms", "model": "pagetype"}}, {"model": "contenttypes.contenttype", "pk": 23, "fields": {"app_label": "menus", "model": "cachekey"}}, {"model": "contenttypes.contenttype", "pk": 24, "fields": {"app_label": "djangocms_text_ckeditor", "model": "text"}}, {"model": "contenttypes.contenttype", "pk": 25, "fields": {"app_label": "filer", "model": "clipboard"}}, {"model": "contenttypes.contenttype", "pk": 26, "fields": {"app_label": "filer", "model": "clipboarditem"}}, {"model": "contenttypes.contenttype", "pk": 27, "fields": {"app_label": "filer", "model": "file"}}, {"model": "contenttypes.contenttype", "pk": 28, "fields": {"app_label": "filer", "model": "folder"}}, {"model": "contenttypes.contenttype", "pk": 29, "fields": {"app_label": "filer", "model": "folderpermission"}}, {"model": "contenttypes.contenttype", "pk": 30, "fields": {"app_label": "filer", "model": "image"}}, {"model": "contenttypes.contenttype", "pk": 31, "fields": {"app_label": "filer", "model": "thumbnailoption"}}, {"model": "contenttypes.contenttype", "pk": 32, "fields": {"app_label": "easy_thumbnails", "model": "source"}}, {"model": "contenttypes.contenttype", "pk": 33, "fields": {"app_label": "easy_thumbnails", "model": "thumbnail"}}, {"model": "contenttypes.contenttype", "pk": 34, "fields": {"app_label": "easy_thumbnails", "model": "thumbnaildimensions"}}, {"model": "contenttypes.contenttype", "pk": 35, "fields": {"app_label": "djangocms_column", "model": "column"}}, {"model": "contenttypes.contenttype", "pk": 36, "fields": {"app_label": "djangocms_column", "model": "multicolumns"}}, {"model": "contenttypes.contenttype", "pk": 37, "fields": {"app_label": "djangocms_file", "model": "file"}}, {"model": "contenttypes.contenttype", "pk": 38, "fields": {"app_label": "djangocms_file", "model": "folder"}}, {"model": "contenttypes.contenttype", "pk": 39, "fields": {"app_label": "djangocms_link", "model": "link"}}, {"model": "contenttypes.contenttype", "pk": 40, "fields": {"app_label": "djangocms_picture", "model": "picture"}}, {"model": "contenttypes.contenttype", "pk": 41, "fields": {"app_label": "djangocms_style", "model": "style"}}, {"model": "contenttypes.contenttype", "pk": 42, "fields": {"app_label": "djangocms_snippet", "model": "snippet"}}, {"model": "contenttypes.contenttype", "pk": 43, "fields": {"app_label": "djangocms_snippet", "model": "snippetptr"}}, {"model": "contenttypes.contenttype", "pk": 44, "fields": {"app_label": "djangocms_googlemap", "model": "googlemap"}}, {"model": "contenttypes.contenttype", "pk": 45, "fields": {"app_label": "djangocms_googlemap", "model": "googlemapmarker"}}, {"model": "contenttypes.contenttype", "pk": 46, "fields": {"app_label": "djangocms_googlemap", "model": "googlemaproute"}}, {"model": "contenttypes.contenttype", "pk": 47, "fields": {"app_label": "djangocms_video", "model": "videoplayer"}}, {"model": "contenttypes.contenttype", "pk": 48, "fields": {"app_label": "djangocms_video", "model": "videosource"}}, {"model": "contenttypes.contenttype", "pk": 49, "fields": {"app_label": "djangocms_video", "model": "videotrack"}}, {"model": "contenttypes.contenttype", "pk": 50, "fields": {"app_label": "aldryn_categories", "model": "category"}}, {"model": "contenttypes.contenttype", "pk": 51, "fields": {"app_label": "aldryn_categories", "model": "categorytranslation"}}, {"model": "contenttypes.contenttype", "pk": 52, "fields": {"app_label": "aldryn_people", "model": "group"}}, {"model": "contenttypes.contenttype", "pk": 53, "fields": {"app_label": "aldryn_people", "model": "grouptranslation"}}, {"model": "contenttypes.contenttype", "pk": 54, "fields": {"app_label": "aldryn_people", "model": "peopleplugin"}}, {"model": "contenttypes.contenttype", "pk": 55, "fields": {"app_label": "aldryn_people", "model": "person"}}, {"model": "contenttypes.contenttype", "pk": 56, "fields": {"app_label": "aldryn_people", "model": "persontranslation"}}, {"model": "contenttypes.contenttype", "pk": 57, "fields": {"app_label": "taggit", "model": "tag"}}, {"model": "contenttypes.contenttype", "pk": 58, "fields": {"app_label": "taggit", "model": "taggeditem"}}, {"model": "contenttypes.contenttype", "pk": 59, "fields": {"app_label": "aldryn_newsblog", "model": "article"}}, {"model": "contenttypes.contenttype", "pk": 60, "fields": {"app_label": "aldryn_newsblog", "model": "articletranslation"}}, {"model": "contenttypes.contenttype", "pk": 61, "fields": {"app_label": "aldryn_newsblog", "model": "newsblogarchiveplugin"}}, {"model": "contenttypes.contenttype", "pk": 62, "fields": {"app_label": "aldryn_newsblog", "model": "newsblogarticlesearchplugin"}}, {"model": "contenttypes.contenttype", "pk": 63, "fields": {"app_label": "aldryn_newsblog", "model": "newsblogauthorsplugin"}}, {"model": "contenttypes.contenttype", "pk": 64, "fields": {"app_label": "aldryn_newsblog", "model": "newsblogcategoriesplugin"}}, {"model": "contenttypes.contenttype", "pk": 65, "fields": {"app_label": "aldryn_newsblog", "model": "newsblogconfig"}}, {"model": "contenttypes.contenttype", "pk": 66, "fields": {"app_label": "aldryn_newsblog", "model": "newsblogconfigtranslation"}}, {"model": "contenttypes.contenttype", "pk": 67, "fields": {"app_label": "aldryn_newsblog", "model": "newsblogfeaturedarticlesplugin"}}, {"model": "contenttypes.contenttype", "pk": 68, "fields": {"app_label": "aldryn_newsblog", "model": "newsbloglatestarticlesplugin"}}, {"model": "contenttypes.contenttype", "pk": 69, "fields": {"app_label": "aldryn_newsblog", "model": "newsblogrelatedplugin"}}, {"model": "contenttypes.contenttype", "pk": 70, "fields": {"app_label": "aldryn_newsblog", "model": "newsblogtagsplugin"}}, {"model": "contenttypes.contenttype", "pk": 71, "fields": {"app_label": "pinax_comments", "model": "comment"}}, {"model": "contenttypes.contenttype", "pk": 72, "fields": {"app_label": "threadedcomments", "model": "threadedcomment"}}, {"model": "contenttypes.contenttype", "pk": 73, "fields": {"app_label": "django_comments", "model": "comment"}}, {"model": "contenttypes.contenttype", "pk": 74, "fields": {"app_label": "django_comments", "model": "commentflag"}}, {"model": "contenttypes.contenttype", "pk": 75, "fields": {"app_label": "comment", "model": "comment"}}, {"model": "sessions.session", "pk": "41n1ps8btgh4zqc6hhambyvheblypj0n", "fields": {"session_data": "MzI1NDMyNGQyZWYyNmEwN2ZjOTkyMTg0NzY3OGZiMDAwMzI4ZDU1Mjp7Il9hdXRoX3VzZXJfaWQiOiIxIiwiX2F1dGhfdXNlcl9iYWNrZW5kIjoiZGphbmdvLmNvbnRyaWIuYXV0aC5iYWNrZW5kcy5Nb2RlbEJhY2tlbmQiLCJfYXV0aF91c2VyX2hhc2giOiI4ODg1YzI2NzViOWRjNmM3ODY0YjBkMjU1YmU0YzNhNzhjMmEwMWQwIiwiY21zX3Rvb2xiYXJfZGlzYWJsZWQiOmZhbHNlLCJjbXNfZWRpdCI6ZmFsc2UsImNtc19wcmV2aWV3Ijp0cnVlLCJ3aXphcmRfd2l6YXJkX2NyZWF0ZV92aWV3Ijp7InN0ZXAiOm51bGwsInN0ZXBfZGF0YSI6e30sInN0ZXBfZmlsZXMiOnt9LCJleHRyYV9kYXRhIjp7fX19", "expire_date": "2018-11-21T08:50:21.984Z"}}, {"model": "sessions.session", "pk": "dnnf3uriydj7qku8id4svkc56uzg86yq", "fields": {"session_data": "M2UzMjA1MjFjMDdhNzkyMzg3ZTdjYmFkNjljMzk1MDUwZDI0NWE1ODp7Il9hdXRoX3VzZXJfaWQiOiIxIiwiX2F1dGhfdXNlcl9iYWNrZW5kIjoiZGphbmdvLmNvbnRyaWIuYXV0aC5iYWNrZW5kcy5Nb2RlbEJhY2tlbmQiLCJfYXV0aF91c2VyX2hhc2giOiI4ODg1YzI2NzViOWRjNmM3ODY0YjBkMjU1YmU0YzNhNzhjMmEwMWQwIiwiY21zX3Rvb2xiYXJfZGlzYWJsZWQiOnRydWUsImNtc19lZGl0IjpmYWxzZSwiY21zX3ByZXZpZXciOmZhbHNlLCJmaWxlcl9sYXN0X2ZvbGRlcl9pZCI6bnVsbH0=", "expire_date": "2018-11-22T22:35:42.488Z"}}, {"model": "sessions.session", "pk": "w0m98jja2jrloe5i0sfleix1cw1pwa6k", "fields": {"session_data": "OWQzNWQwYWQ3YTM2NzEzMDc2YjIxOGZhZTIxMTdiMjA0OGQyMTMzZTp7ImNtc190b29sYmFyX2Rpc2FibGVkIjp0cnVlLCJjbXNfZWRpdCI6ZmFsc2UsImNtc19wcmV2aWV3IjpmYWxzZSwiX2F1dGhfdXNlcl9pZCI6IjEiLCJfYXV0aF91c2VyX2JhY2tlbmQiOiJkamFuZ28uY29udHJpYi5hdXRoLmJhY2tlbmRzLk1vZGVsQmFja2VuZCIsIl9hdXRoX3VzZXJfaGFzaCI6Ijg4ODVjMjY3NWI5ZGM2Yzc4NjRiMGQyNTViZTRjM2E3OGMyYTAxZDAiLCJmaWxlcl9sYXN0X2ZvbGRlcl9pZCI6bnVsbH0=", "expire_date": "2018-11-22T10:21:45.079Z"}}, {"model": "sites.site", "pk": 1, "fields": {"domain": "example.com", "name": "example.com"}}, {"model": "cms.page", "pk": 4, "fields": {"created_by": "admin", "changed_by": "admin", "creation_date": "2018-11-06T21:52:58.363Z", "changed_date": "2018-11-07T08:31:54.681Z", "publication_date": "2018-11-06T21:52:58.379Z", "publication_end_date": null, "in_navigation": true, "soft_root": false, "reverse_id": null, "navigation_extenders": null, "template": "home.html", "login_required": false, "limit_visibility_in_menu": null, "is_home": true, "application_urls": null, "application_namespace": null, "publisher_is_draft": true, "publisher_public": 5, "languages": "en", "xframe_options": 0, "is_page_type": false, "node": 3, "placeholders": [6, 11, 38]}}, {"model": "cms.page", "pk": 5, "fields": {"created_by": "admin", "changed_by": "admin", "creation_date": "2018-11-06T21:52:58.379Z", "changed_date": "2018-11-08T08:15:59.553Z", "publication_date": "2018-11-06T21:52:58.379Z", "publication_end_date": null, "in_navigation": true, "soft_root": false, "reverse_id": null, "navigation_extenders": null, "template": "home.html", "login_required": false, "limit_visibility_in_menu": null, "is_home": true, "application_urls": null, "application_namespace": null, "publisher_is_draft": false, "publisher_public": 4, "languages": "en", "xframe_options": 0, "is_page_type": false, "node": 3, "placeholders": [7, 41, 42]}}, {"model": "cms.page", "pk": 6, "fields": {"created_by": "admin", "changed_by": "admin", "creation_date": "2018-11-06T21:58:03.723Z", "changed_date": "2018-11-07T10:13:19.702Z", "publication_date": "2018-11-07T08:50:12.872Z", "publication_end_date": null, "in_navigation": true, "soft_root": false, "reverse_id": null, "navigation_extenders": null, "template": "blog.html", "login_required": false, "limit_visibility_in_menu": null, "is_home": false, "application_urls": "NewsBlogApp", "application_namespace": "Blog", "publisher_is_draft": true, "publisher_public": 10, "languages": "en", "xframe_options": 0, "is_page_type": false, "node": 4, "placeholders": [8, 34, 35]}}, {"model": "cms.page", "pk": 7, "fields": {"created_by": "admin", "changed_by": "admin", "creation_date": "2018-11-06T21:58:36.400Z", "changed_date": "2018-11-08T15:47:31.672Z", "publication_date": "2018-11-07T08:50:20.786Z", "publication_end_date": null, "in_navigation": true, "soft_root": false, "reverse_id": null, "navigation_extenders": null, "template": "about.html", "login_required": false, "limit_visibility_in_menu": null, "is_home": false, "application_urls": "MyApphook", "application_namespace": "comment", "publisher_is_draft": true, "publisher_public": 11, "languages": "en", "xframe_options": 0, "is_page_type": false, "node": 5, "placeholders": [9, 39]}}, {"model": "cms.page", "pk": 8, "fields": {"created_by": "admin", "changed_by": "admin", "creation_date": "2018-11-06T21:59:07.047Z", "changed_date": "2018-11-08T16:50:09.557Z", "publication_date": "2018-11-07T08:50:01.175Z", "publication_end_date": null, "in_navigation": true, "soft_root": false, "reverse_id": null, "navigation_extenders": null, "template": "media.html", "login_required": false, "limit_visibility_in_menu": null, "is_home": false, "application_urls": "NewsBlogApp", "application_namespace": "Media", "publisher_is_draft": true, "publisher_public": 9, "languages": "en", "xframe_options": 0, "is_page_type": false, "node": 6, "placeholders": [10, 43]}}, {"model": "cms.page", "pk": 9, "fields": {"created_by": "admin", "changed_by": "admin", "creation_date": "2018-11-07T08:50:01.176Z", "changed_date": "2018-11-08T21:53:15.261Z", "publication_date": "2018-11-07T08:50:01.175Z", "publication_end_date": null, "in_navigation": true, "soft_root": false, "reverse_id": null, "navigation_extenders": null, "template": "media.html", "login_required": false, "limit_visibility_in_menu": null, "is_home": false, "application_urls": "NewsBlogApp", "application_namespace": "Media", "publisher_is_draft": false, "publisher_public": 8, "languages": "en", "xframe_options": 0, "is_page_type": false, "node": 6, "placeholders": [12, 52]}}, {"model": "cms.page", "pk": 10, "fields": {"created_by": "admin", "changed_by": "admin", "creation_date": "2018-11-07T08:50:12.872Z", "changed_date": "2018-11-07T20:08:40.701Z", "publication_date": "2018-11-07T08:50:12.872Z", "publication_end_date": null, "in_navigation": true, "soft_root": false, "reverse_id": null, "navigation_extenders": null, "template": "blog.html", "login_required": false, "limit_visibility_in_menu": null, "is_home": false, "application_urls": "NewsBlogApp", "application_namespace": "Blog", "publisher_is_draft": false, "publisher_public": 6, "languages": "en", "xframe_options": 0, "is_page_type": false, "node": 4, "placeholders": [13, 36, 37]}}, {"model": "cms.page", "pk": 11, "fields": {"created_by": "admin", "changed_by": "admin", "creation_date": "2018-11-07T08:50:20.787Z", "changed_date": "2018-11-08T16:48:03.185Z", "publication_date": "2018-11-07T08:50:20.786Z", "publication_end_date": null, "in_navigation": true, "soft_root": false, "reverse_id": null, "navigation_extenders": null, "template": "about.html", "login_required": false, "limit_visibility_in_menu": null, "is_home": false, "application_urls": "MyApphook", "application_namespace": "comment", "publisher_is_draft": false, "publisher_public": 7, "languages": "en", "xframe_options": 0, "is_page_type": false, "node": 5, "placeholders": [14, 40]}}, {"model": "cms.page", "pk": 12, "fields": {"created_by": "admin", "changed_by": "admin", "creation_date": "2018-11-08T21:51:07.138Z", "changed_date": "2018-11-08T21:54:22.673Z", "publication_date": "2018-11-08T21:53:19.065Z", "publication_end_date": null, "in_navigation": true, "soft_root": false, "reverse_id": null, "navigation_extenders": null, "template": "portfolio.html", "login_required": false, "limit_visibility_in_menu": null, "is_home": false, "application_urls": "NewsBlogApp", "application_namespace": "Portfolio", "publisher_is_draft": true, "publisher_public": 13, "languages": "en", "xframe_options": 0, "is_page_type": false, "node": 7, "placeholders": [56, 57]}}, {"model": "cms.page", "pk": 13, "fields": {"created_by": "admin", "changed_by": "admin", "creation_date": "2018-11-08T21:53:19.066Z", "changed_date": "2018-11-08T21:54:29.533Z", "publication_date": "2018-11-08T21:53:19.065Z", "publication_end_date": null, "in_navigation": true, "soft_root": false, "reverse_id": null, "navigation_extenders": null, "template": "portfolio.html", "login_required": false, "limit_visibility_in_menu": null, "is_home": false, "application_urls": "NewsBlogApp", "application_namespace": "Portfolio", "publisher_is_draft": false, "publisher_public": 12, "languages": "en", "xframe_options": 0, "is_page_type": false, "node": 7, "placeholders": [58, 59]}}, {"model": "cms.treenode", "pk": 3, "fields": {"path": "0001", "depth": 1, "numchild": 0, "parent": null, "site": 1}}, {"model": "cms.treenode", "pk": 4, "fields": {"path": "0002", "depth": 1, "numchild": 0, "parent": null, "site": 1}}, {"model": "cms.treenode", "pk": 5, "fields": {"path": "0003", "depth": 1, "numchild": 0, "parent": null, "site": 1}}, {"model": "cms.treenode", "pk": 6, "fields": {"path": "0004", "depth": 1, "numchild": 0, "parent": null, "site": 1}}, {"model": "cms.treenode", "pk": 7, "fields": {"path": "0005", "depth": 1, "numchild": 0, "parent": null, "site": 1}}, {"model": "cms.placeholder", "pk": 1, "fields": {"slot": "clipboard", "default_width": null}}, {"model": "cms.placeholder", "pk": 6, "fields": {"slot": "content", "default_width": null}}, {"model": "cms.placeholder", "pk": 7, "fields": {"slot": "content", "default_width": null}}, {"model": "cms.placeholder", "pk": 8, "fields": {"slot": "content", "default_width": null}}, {"model": "cms.placeholder", "pk": 9, "fields": {"slot": "content", "default_width": null}}, {"model": "cms.placeholder", "pk": 10, "fields": {"slot": "content", "default_width": null}}, {"model": "cms.placeholder", "pk": 11, "fields": {"slot": "text1", "default_width": null}}, {"model": "cms.placeholder", "pk": 12, "fields": {"slot": "content", "default_width": null}}, {"model": "cms.placeholder", "pk": 13, "fields": {"slot": "content", "default_width": null}}, {"model": "cms.placeholder", "pk": 14, "fields": {"slot": "content", "default_width": null}}, {"model": "cms.placeholder", "pk": 15, "fields": {"slot": "newsblog_base_sidebar", "default_width": null}}, {"model": "cms.placeholder", "pk": 16, "fields": {"slot": "newsblog_base_top", "default_width": null}}, {"model": "cms.placeholder", "pk": 17, "fields": {"slot": "newsblog_detail_bottom", "default_width": null}}, {"model": "cms.placeholder", "pk": 18, "fields": {"slot": "newsblog_detail_footer", "default_width": null}}, {"model": "cms.placeholder", "pk": 19, "fields": {"slot": "newsblog_detail_top", "default_width": null}}, {"model": "cms.placeholder", "pk": 20, "fields": {"slot": "newsblog_list_footer", "default_width": null}}, {"model": "cms.placeholder", "pk": 21, "fields": {"slot": "newsblog_list_top", "default_width": null}}, {"model": "cms.placeholder", "pk": 22, "fields": {"slot": "newsblog_base_top", "default_width": null}}, {"model": "cms.placeholder", "pk": 23, "fields": {"slot": "newsblog_base_sidebar", "default_width": null}}, {"model": "cms.placeholder", "pk": 24, "fields": {"slot": "newsblog_list_top", "default_width": null}}, {"model": "cms.placeholder", "pk": 25, "fields": {"slot": "newsblog_list_footer", "default_width": null}}, {"model": "cms.placeholder", "pk": 26, "fields": {"slot": "newsblog_detail_top", "default_width": null}}, {"model": "cms.placeholder", "pk": 27, "fields": {"slot": "newsblog_detail_bottom", "default_width": null}}, {"model": "cms.placeholder", "pk": 28, "fields": {"slot": "newsblog_detail_footer", "default_width": null}}, {"model": "cms.placeholder", "pk": 29, "fields": {"slot": "newsblog_article_content", "default_width": null}}, {"model": "cms.placeholder", "pk": 30, "fields": {"slot": "newsblog_social", "default_width": null}}, {"model": "cms.placeholder", "pk": 31, "fields": {"slot": "newsblog_social", "default_width": null}}, {"model": "cms.placeholder", "pk": 32, "fields": {"slot": "newsblog_article_content", "default_width": null}}, {"model": "cms.placeholder", "pk": 33, "fields": {"slot": "newsblog_article_content", "default_width": null}}, {"model": "cms.placeholder", "pk": 34, "fields": {"slot": "splashbox", "default_width": null}}, {"model": "cms.placeholder", "pk": 35, "fields": {"slot": "Search", "default_width": null}}, {"model": "cms.placeholder", "pk": 36, "fields": {"slot": "Search", "default_width": null}}, {"model": "cms.placeholder", "pk": 37, "fields": {"slot": "splashbox", "default_width": null}}, {"model": "cms.placeholder", "pk": 38, "fields": {"slot": "Search", "default_width": null}}, {"model": "cms.placeholder", "pk": 39, "fields": {"slot": "Search", "default_width": null}}, {"model": "cms.placeholder", "pk": 40, "fields": {"slot": "Search", "default_width": null}}, {"model": "cms.placeholder", "pk": 41, "fields": {"slot": "text1", "default_width": null}}, {"model": "cms.placeholder", "pk": 42, "fields": {"slot": "Search", "default_width": null}}, {"model": "cms.placeholder", "pk": 43, "fields": {"slot": "Search", "default_width": null}}, {"model": "cms.placeholder", "pk": 44, "fields": {"slot": "newsblog_base_top", "default_width": null}}, {"model": "cms.placeholder", "pk": 45, "fields": {"slot": "newsblog_base_sidebar", "default_width": null}}, {"model": "cms.placeholder", "pk": 46, "fields": {"slot": "newsblog_list_top", "default_width": null}}, {"model": "cms.placeholder", "pk": 47, "fields": {"slot": "newsblog_list_footer", "default_width": null}}, {"model": "cms.placeholder", "pk": 48, "fields": {"slot": "newsblog_detail_top", "default_width": null}}, {"model": "cms.placeholder", "pk": 49, "fields": {"slot": "newsblog_detail_bottom", "default_width": null}}, {"model": "cms.placeholder", "pk": 50, "fields": {"slot": "newsblog_detail_footer", "default_width": null}}, {"model": "cms.placeholder", "pk": 51, "fields": {"slot": "newsblog_article_content", "default_width": null}}, {"model": "cms.placeholder", "pk": 52, "fields": {"slot": "Search", "default_width": null}}, {"model": "cms.placeholder", "pk": 53, "fields": {"slot": "newsblog_article_content", "default_width": null}}, {"model": "cms.placeholder", "pk": 54, "fields": {"slot": "newsblog_article_content", "default_width": null}}, {"model": "cms.placeholder", "pk": 55, "fields": {"slot": "newsblog_article_content", "default_width": null}}, {"model": "cms.placeholder", "pk": 56, "fields": {"slot": "Search", "default_width": null}}, {"model": "cms.placeholder", "pk": 57, "fields": {"slot": "content", "default_width": null}}, {"model": "cms.placeholder", "pk": 58, "fields": {"slot": "Search", "default_width": null}}, {"model": "cms.placeholder", "pk": 59, "fields": {"slot": "content", "default_width": null}}, {"model": "cms.placeholder", "pk": 60, "fields": {"slot": "newsblog_base_top", "default_width": null}}, {"model": "cms.placeholder", "pk": 61, "fields": {"slot": "newsblog_base_sidebar", "default_width": null}}, {"model": "cms.placeholder", "pk": 62, "fields": {"slot": "newsblog_list_top", "default_width": null}}, {"model": "cms.placeholder", "pk": 63, "fields": {"slot": "newsblog_list_footer", "default_width": null}}, {"model": "cms.placeholder", "pk": 64, "fields": {"slot": "newsblog_detail_top", "default_width": null}}, {"model": "cms.placeholder", "pk": 65, "fields": {"slot": "newsblog_detail_bottom", "default_width": null}}, {"model": "cms.placeholder", "pk": 66, "fields": {"slot": "newsblog_detail_footer", "default_width": null}}, {"model": "cms.placeholder", "pk": 67, "fields": {"slot": "newsblog_article_content", "default_width": null}}, {"model": "cms.placeholder", "pk": 68, "fields": {"slot": "newsblog_article_content", "default_width": null}}, {"model": "cms.cmsplugin", "pk": 7, "fields": {"path": "0001", "depth": 1, "numchild": 0, "placeholder": 11, "parent": null, "position": 0, "language": "en", "plugin_type": "TextPlugin", "creation_date": "2018-11-07T08:33:17.973Z", "changed_date": "2018-11-07T08:33:18.151Z"}}, {"model": "cms.cmsplugin", "pk": 8, "fields": {"path": "0002", "depth": 1, "numchild": 1, "placeholder": 11, "parent": null, "position": 1, "language": "en", "plugin_type": "StylePlugin", "creation_date": "2018-11-07T08:33:34.363Z", "changed_date": "2018-11-07T08:33:34.370Z"}}, {"model": "cms.cmsplugin", "pk": 9, "fields": {"path": "00020001", "depth": 2, "numchild": 0, "placeholder": 11, "parent": 8, "position": 0, "language": "en", "plugin_type": "TextPlugin", "creation_date": "2018-11-07T08:33:45.888Z", "changed_date": "2018-11-07T08:33:52.364Z"}}, {"model": "cms.cmsplugin", "pk": 10, "fields": {"path": "0003", "depth": 1, "numchild": 0, "placeholder": 11, "parent": null, "position": 2, "language": "en", "plugin_type": "TextPlugin", "creation_date": "2018-11-07T08:34:00.735Z", "changed_date": "2018-11-07T08:34:08.787Z"}}, {"model": "cms.cmsplugin", "pk": 13, "fields": {"path": "0004", "depth": 1, "numchild": 0, "placeholder": 35, "parent": null, "position": 0, "language": "en", "plugin_type": "NewsBlogArticleSearchPlugin", "creation_date": "2018-11-07T18:37:44.557Z", "changed_date": "2018-11-07T18:37:44.564Z"}}, {"model": "cms.cmsplugin", "pk": 14, "fields": {"path": "0005", "depth": 1, "numchild": 0, "placeholder": 36, "parent": null, "position": 0, "language": "en", "plugin_type": "NewsBlogArticleSearchPlugin", "creation_date": "2018-11-07T18:37:44.557Z", "changed_date": "2018-11-07T20:08:40.731Z"}}, {"model": "cms.cmsplugin", "pk": 15, "fields": {"path": "0006", "depth": 1, "numchild": 1, "placeholder": 41, "parent": null, "position": 1, "language": "en", "plugin_type": "StylePlugin", "creation_date": "2018-11-07T08:33:34.363Z", "changed_date": "2018-11-08T08:15:59.578Z"}}, {"model": "cms.cmsplugin", "pk": 16, "fields": {"path": "00060001", "depth": 2, "numchild": 0, "placeholder": 41, "parent": 15, "position": 0, "language": "en", "plugin_type": "TextPlugin", "creation_date": "2018-11-07T08:33:45.888Z", "changed_date": "2018-11-08T08:15:59.643Z"}}, {"model": "cms.cmsplugin", "pk": 17, "fields": {"path": "0007", "depth": 1, "numchild": 0, "placeholder": 41, "parent": null, "position": 2, "language": "en", "plugin_type": "TextPlugin", "creation_date": "2018-11-07T08:34:00.735Z", "changed_date": "2018-11-08T08:15:59.651Z"}}, {"model": "cms.cmsplugin", "pk": 18, "fields": {"path": "0008", "depth": 1, "numchild": 0, "placeholder": 43, "parent": null, "position": 0, "language": "en", "plugin_type": "NewsBlogArticleSearchPlugin", "creation_date": "2018-11-08T16:59:36.796Z", "changed_date": "2018-11-08T16:59:36.804Z"}}, {"model": "cms.cmsplugin", "pk": 19, "fields": {"path": "0009", "depth": 1, "numchild": 0, "placeholder": 52, "parent": null, "position": 0, "language": "en", "plugin_type": "NewsBlogArticleSearchPlugin", "creation_date": "2018-11-08T16:59:36.796Z", "changed_date": "2018-11-08T21:53:15.287Z"}}, {"model": "cms.title", "pk": 4, "fields": {"language": "en", "title": "Home Page", "page_title": null, "menu_title": null, "meta_description": null, "slug": "home", "path": "", "has_url_overwrite": false, "redirect": null, "page": 4, "creation_date": "2018-11-06T21:52:58.366Z", "published": true, "publisher_is_draft": true, "publisher_public": 5, "publisher_state": 0}}, {"model": "cms.title", "pk": 5, "fields": {"language": "en", "title": "Home Page", "page_title": null, "menu_title": null, "meta_description": null, "slug": "home", "path": "", "has_url_overwrite": false, "redirect": null, "page": 5, "creation_date": "2018-11-06T21:52:58.366Z", "published": true, "publisher_is_draft": false, "publisher_public": 4, "publisher_state": 1}}, {"model": "cms.title", "pk": 6, "fields": {"language": "en", "title": "Blog", "page_title": "Blog", "menu_title": "Blog", "meta_description": "", "slug": "blog", "path": "blog", "has_url_overwrite": false, "redirect": null, "page": 6, "creation_date": "2018-11-06T21:58:03.728Z", "published": true, "publisher_is_draft": true, "publisher_public": 10, "publisher_state": 0}}, {"model": "cms.title", "pk": 7, "fields": {"language": "en", "title": "About Us", "page_title": "About us", "menu_title": "About Us", "meta_description": "", "slug": "about", "path": "about", "has_url_overwrite": false, "redirect": null, "page": 7, "creation_date": "2018-11-06T21:58:36.401Z", "published": true, "publisher_is_draft": true, "publisher_public": 11, "publisher_state": 0}}, {"model": "cms.title", "pk": 8, "fields": {"language": "en", "title": "Media", "page_title": "Media", "menu_title": "", "meta_description": "", "slug": "media", "path": "media", "has_url_overwrite": false, "redirect": null, "page": 8, "creation_date": "2018-11-06T21:59:07.049Z", "published": true, "publisher_is_draft": true, "publisher_public": 9, "publisher_state": 0}}, {"model": "cms.title", "pk": 9, "fields": {"language": "en", "title": "Media", "page_title": "Media", "menu_title": "", "meta_description": "", "slug": "media", "path": "media", "has_url_overwrite": false, "redirect": null, "page": 9, "creation_date": "2018-11-06T21:59:07.049Z", "published": true, "publisher_is_draft": false, "publisher_public": 8, "publisher_state": 1}}, {"model": "cms.title", "pk": 10, "fields": {"language": "en", "title": "Blog", "page_title": "Blog", "menu_title": "Blog", "meta_description": "", "slug": "blog", "path": "blog", "has_url_overwrite": false, "redirect": null, "page": 10, "creation_date": "2018-11-06T21:58:03.728Z", "published": true, "publisher_is_draft": false, "publisher_public": 6, "publisher_state": 1}}, {"model": "cms.title", "pk": 11, "fields": {"language": "en", "title": "About Us", "page_title": "About us", "menu_title": "About Us", "meta_description": "", "slug": "about", "path": "about", "has_url_overwrite": false, "redirect": null, "page": 11, "creation_date": "2018-11-06T21:58:36.401Z", "published": true, "publisher_is_draft": false, "publisher_public": 7, "publisher_state": 0}}, {"model": "cms.title", "pk": 12, "fields": {"language": "en", "title": "Portfolio", "page_title": "Portfolio", "menu_title": "Portfolio", "meta_description": "", "slug": "portfolio", "path": "portfolio", "has_url_overwrite": false, "redirect": null, "page": 12, "creation_date": "2018-11-08T21:51:07.140Z", "published": true, "publisher_is_draft": true, "publisher_public": 13, "publisher_state": 0}}, {"model": "cms.title", "pk": 13, "fields": {"language": "en", "title": "Portfolio", "page_title": "Portfolio", "menu_title": "Portfolio", "meta_description": "", "slug": "portfolio", "path": "portfolio", "has_url_overwrite": false, "redirect": null, "page": 13, "creation_date": "2018-11-08T21:51:07.140Z", "published": true, "publisher_is_draft": false, "publisher_public": 12, "publisher_state": 0}}, {"model": "cms.staticplaceholder", "pk": 1, "fields": {"name": "", "code": "newsblog_social", "draft": 30, "public": 31, "dirty": false, "creation_method": "template", "site": null}}, {"model": "cms.urlconfrevision", "pk": 1, "fields": {"revision": "7bdccad0-e03c-4e0f-9770-7d0f2891f7ae"}}, {"model": "menus.cachekey", "pk": 33, "fields": {"language": "en", "site": 1, "key": "cms_3.5.2_menu_nodes_en_1_1_user:draft"}}, {"model": "djangocms_text_ckeditor.text", "pk": 9, "fields": {"body": "<p>h2 title</p>"}}, {"model": "djangocms_text_ckeditor.text", "pk": 10, "fields": {"body": "<p>this is our text</p>"}}, {"model": "djangocms_text_ckeditor.text", "pk": 16, "fields": {"body": "<p>h2 title</p>"}}, {"model": "djangocms_text_ckeditor.text", "pk": 17, "fields": {"body": "<p>this is our text</p>"}}, {"model": "easy_thumbnails.source", "pk": 1, "fields": {"storage_hash": "f9bde26a1556cd667f742bd34ec7c55e", "name": "filer_public/c8/1c/c81c6835-c2e3-4ca7-ae4e-06f688450412/nuno-antunes-1071115-unsplash.jpg", "modified": "2018-11-07T10:17:26.312Z"}}, {"model": "easy_thumbnails.source", "pk": 2, "fields": {"storage_hash": "f9bde26a1556cd667f742bd34ec7c55e", "name": "filer_public/c9/3e/c93e34c9-8dae-448d-8e29-7d2a508a8300/mohy.jpg", "modified": "2018-11-07T20:12:00.507Z"}}, {"model": "easy_thumbnails.source", "pk": 3, "fields": {"storage_hash": "f9bde26a1556cd667f742bd34ec7c55e", "name": "filer_public/5c/31/5c31db93-3f81-4f44-bf34-f5ed508f4b60/3.jpg", "modified": "2018-11-08T16:59:05.529Z"}}, {"model": "easy_thumbnails.source", "pk": 4, "fields": {"storage_hash": "f9bde26a1556cd667f742bd34ec7c55e", "name": "filer_public/a8/ec/a8eca556-1e79-4c04-abb1-3376eff4d62f/13.jpg", "modified": "2018-11-08T17:02:53.038Z"}}, {"model": "easy_thumbnails.source", "pk": 5, "fields": {"storage_hash": "f9bde26a1556cd667f742bd34ec7c55e", "name": "filer_public/6c/fc/6cfc841f-7414-408f-8781-ec99f21173f5/iot.jpg", "modified": "2018-11-08T22:00:54.144Z"}}, {"model": "easy_thumbnails.source", "pk": 6, "fields": {"storage_hash": "f9bde26a1556cd667f742bd34ec7c55e", "name": "filer_public/74/c9/74c9ab97-1f4b-4c39-8ea8-72239a1db872/wombat.jpg", "modified": "2018-11-08T22:32:09.827Z"}}, {"model": "easy_thumbnails.source", "pk": 7, "fields": {"storage_hash": "f9bde26a1556cd667f742bd34ec7c55e", "name": "filer_public/1e/45/1e45b66e-559d-41ba-998d-9f740b34bb40/1.jpg", "modified": "2018-11-08T22:32:09.387Z"}}, {"model": "easy_thumbnails.thumbnail", "pk": 1, "fields": {"storage_hash": "f9bde26a1556cd667f742bd34ec7c55e", "name": "filer_public_thumbnails\\filer_public/c8/1c/c81c6835-c2e3-4ca7-ae4e-06f688450412\\nuno-antunes-1071115-unsplash.jpg__16x16_q85_crop_subsampling-2_upscale.jpg", "modified": "2018-11-07T10:16:31.690Z", "source": 1}}, {"model": "easy_thumbnails.thumbnail", "pk": 2, "fields": {"storage_hash": "f9bde26a1556cd667f742bd34ec7c55e", "name": "filer_public_thumbnails\\filer_public/c8/1c/c81c6835-c2e3-4ca7-ae4e-06f688450412\\nuno-antunes-1071115-unsplash.jpg__32x32_q85_crop_subsampling-2_upscale.jpg", "modified": "2018-11-07T10:16:32.159Z", "source": 1}}, {"model": "easy_thumbnails.thumbnail", "pk": 3, "fields": {"storage_hash": "f9bde26a1556cd667f742bd34ec7c55e", "name": "filer_public_thumbnails\\filer_public/c8/1c/c81c6835-c2e3-4ca7-ae4e-06f688450412\\nuno-antunes-1071115-unsplash.jpg__48x48_q85_crop_subsampling-2_upscale.jpg", "modified": "2018-11-07T10:16:32.538Z", "source": 1}}, {"model": "easy_thumbnails.thumbnail", "pk": 4, "fields": {"storage_hash": "f9bde26a1556cd667f742bd34ec7c55e", "name": "filer_public_thumbnails\\filer_public/c8/1c/c81c6835-c2e3-4ca7-ae4e-06f688450412\\nuno-antunes-1071115-unsplash.jpg__64x64_q85_crop_subsampling-2_upscale.jpg", "modified": "2018-11-07T10:16:33.052Z", "source": 1}}, {"model": "easy_thumbnails.thumbnail", "pk": 5, "fields": {"storage_hash": "f9bde26a1556cd667f742bd34ec7c55e", "name": "filer_public_thumbnails\\filer_public/c8/1c/c81c6835-c2e3-4ca7-ae4e-06f688450412\\nuno-antunes-1071115-unsplash.jpg__180x180_q85_crop_subsampling-2_upscale.jpg", "modified": "2018-11-07T10:16:33.559Z", "source": 1}}, {"model": "easy_thumbnails.thumbnail", "pk": 6, "fields": {"storage_hash": "f9bde26a1556cd667f742bd34ec7c55e", "name": "filer_public_thumbnails\\filer_public/c8/1c/c81c6835-c2e3-4ca7-ae4e-06f688450412\\nuno-antunes-1071115-unsplash.jpg__800x450_q85_crop_subsampling-2.jpg", "modified": "2018-11-07T10:17:26.471Z", "source": 1}}, {"model": "easy_thumbnails.thumbnail", "pk": 7, "fields": {"storage_hash": "f9bde26a1556cd667f742bd34ec7c55e", "name": "filer_public_thumbnails\\filer_public/c9/3e/c93e34c9-8dae-448d-8e29-7d2a508a8300\\mohy.jpg__16x16_q85_crop_subsampling-2_upscale.jpg", "modified": "2018-11-07T20:11:41.834Z", "source": 2}}, {"model": "easy_thumbnails.thumbnail", "pk": 8, "fields": {"storage_hash": "f9bde26a1556cd667f742bd34ec7c55e", "name": "filer_public_thumbnails\\filer_public/c9/3e/c93e34c9-8dae-448d-8e29-7d2a508a8300\\mohy.jpg__32x32_q85_crop_subsampling-2_upscale.jpg", "modified": "2018-11-07T20:11:41.983Z", "source": 2}}, {"model": "easy_thumbnails.thumbnail", "pk": 9, "fields": {"storage_hash": "f9bde26a1556cd667f742bd34ec7c55e", "name": "filer_public_thumbnails\\filer_public/c9/3e/c93e34c9-8dae-448d-8e29-7d2a508a8300\\mohy.jpg__48x48_q85_crop_subsampling-2_upscale.jpg", "modified": "2018-11-07T20:11:42.139Z", "source": 2}}, {"model": "easy_thumbnails.thumbnail", "pk": 10, "fields": {"storage_hash": "f9bde26a1556cd667f742bd34ec7c55e", "name": "filer_public_thumbnails\\filer_public/c9/3e/c93e34c9-8dae-448d-8e29-7d2a508a8300\\mohy.jpg__64x64_q85_crop_subsampling-2_upscale.jpg", "modified": "2018-11-07T20:11:42.295Z", "source": 2}}, {"model": "easy_thumbnails.thumbnail", "pk": 11, "fields": {"storage_hash": "f9bde26a1556cd667f742bd34ec7c55e", "name": "filer_public_thumbnails\\filer_public/c9/3e/c93e34c9-8dae-448d-8e29-7d2a508a8300\\mohy.jpg__180x180_q85_crop_subsampling-2_upscale.jpg", "modified": "2018-11-07T20:11:42.453Z", "source": 2}}, {"model": "easy_thumbnails.thumbnail", "pk": 12, "fields": {"storage_hash": "f9bde26a1556cd667f742bd34ec7c55e", "name": "filer_public_thumbnails\\filer_public/c9/3e/c93e34c9-8dae-448d-8e29-7d2a508a8300\\mohy.jpg__50x50_q85_crop_subsampling-2_upscale.jpg", "modified": "2018-11-07T20:12:00.662Z", "source": 2}}, {"model": "easy_thumbnails.thumbnail", "pk": 13, "fields": {"storage_hash": "f9bde26a1556cd667f742bd34ec7c55e", "name": "filer_public_thumbnails\\filer_public/5c/31/5c31db93-3f81-4f44-bf34-f5ed508f4b60\\3.jpg__16x16_q85_crop_subsampling-2_upscale.jpg", "modified": "2018-11-08T16:57:11.786Z", "source": 3}}, {"model": "easy_thumbnails.thumbnail", "pk": 14, "fields": {"storage_hash": "f9bde26a1556cd667f742bd34ec7c55e", "name": "filer_public_thumbnails\\filer_public/5c/31/5c31db93-3f81-4f44-bf34-f5ed508f4b60\\3.jpg__32x32_q85_crop_subsampling-2_upscale.jpg", "modified": "2018-11-08T16:57:11.946Z", "source": 3}}, {"model": "easy_thumbnails.thumbnail", "pk": 15, "fields": {"storage_hash": "f9bde26a1556cd667f742bd34ec7c55e", "name": "filer_public_thumbnails\\filer_public/5c/31/5c31db93-3f81-4f44-bf34-f5ed508f4b60\\3.jpg__48x48_q85_crop_subsampling-2_upscale.jpg", "modified": "2018-11-08T16:57:12.120Z", "source": 3}}, {"model": "easy_thumbnails.thumbnail", "pk": 16, "fields": {"storage_hash": "f9bde26a1556cd667f742bd34ec7c55e", "name": "filer_public_thumbnails\\filer_public/5c/31/5c31db93-3f81-4f44-bf34-f5ed508f4b60\\3.jpg__64x64_q85_crop_subsampling-2_upscale.jpg", "modified": "2018-11-08T16:57:12.292Z", "source": 3}}, {"model": "easy_thumbnails.thumbnail", "pk": 17, "fields": {"storage_hash": "f9bde26a1556cd667f742bd34ec7c55e", "name": "filer_public_thumbnails\\filer_public/5c/31/5c31db93-3f81-4f44-bf34-f5ed508f4b60\\3.jpg__180x180_q85_crop_subsampling-2_upscale.jpg", "modified": "2018-11-08T16:57:12.457Z", "source": 3}}, {"model": "easy_thumbnails.thumbnail", "pk": 18, "fields": {"storage_hash": "f9bde26a1556cd667f742bd34ec7c55e", "name": "filer_public_thumbnails\\filer_public/5c/31/5c31db93-3f81-4f44-bf34-f5ed508f4b60\\3.jpg__800x450_q85_crop_subsampling-2.jpg", "modified": "2018-11-08T16:59:05.694Z", "source": 3}}, {"model": "easy_thumbnails.thumbnail", "pk": 19, "fields": {"storage_hash": "f9bde26a1556cd667f742bd34ec7c55e", "name": "filer_public_thumbnails\\filer_public/a8/ec/a8eca556-1e79-4c04-abb1-3376eff4d62f\\13.jpg__16x16_q85_crop_subsampling-2_upscale.jpg", "modified": "2018-11-08T17:02:24.200Z", "source": 4}}, {"model": "easy_thumbnails.thumbnail", "pk": 20, "fields": {"storage_hash": "f9bde26a1556cd667f742bd34ec7c55e", "name": "filer_public_thumbnails\\filer_public/a8/ec/a8eca556-1e79-4c04-abb1-3376eff4d62f\\13.jpg__32x32_q85_crop_subsampling-2_upscale.jpg", "modified": "2018-11-08T17:02:24.367Z", "source": 4}}, {"model": "easy_thumbnails.thumbnail", "pk": 21, "fields": {"storage_hash": "f9bde26a1556cd667f742bd34ec7c55e", "name": "filer_public_thumbnails\\filer_public/a8/ec/a8eca556-1e79-4c04-abb1-3376eff4d62f\\13.jpg__48x48_q85_crop_subsampling-2_upscale.jpg", "modified": "2018-11-08T17:02:24.528Z", "source": 4}}, {"model": "easy_thumbnails.thumbnail", "pk": 22, "fields": {"storage_hash": "f9bde26a1556cd667f742bd34ec7c55e", "name": "filer_public_thumbnails\\filer_public/a8/ec/a8eca556-1e79-4c04-abb1-3376eff4d62f\\13.jpg__64x64_q85_crop_subsampling-2_upscale.jpg", "modified": "2018-11-08T17:02:24.709Z", "source": 4}}, {"model": "easy_thumbnails.thumbnail", "pk": 23, "fields": {"storage_hash": "f9bde26a1556cd667f742bd34ec7c55e", "name": "filer_public_thumbnails\\filer_public/a8/ec/a8eca556-1e79-4c04-abb1-3376eff4d62f\\13.jpg__180x180_q85_crop_subsampling-2_upscale.jpg", "modified": "2018-11-08T17:02:24.895Z", "source": 4}}, {"model": "easy_thumbnails.thumbnail", "pk": 24, "fields": {"storage_hash": "f9bde26a1556cd667f742bd34ec7c55e", "name": "filer_public_thumbnails\\filer_public/a8/ec/a8eca556-1e79-4c04-abb1-3376eff4d62f\\13.jpg__800x450_q85_crop_subsampling-2.jpg", "modified": "2018-11-08T17:02:53.188Z", "source": 4}}, {"model": "easy_thumbnails.thumbnail", "pk": 25, "fields": {"storage_hash": "f9bde26a1556cd667f742bd34ec7c55e", "name": "filer_public_thumbnails\\filer_public/6c/fc/6cfc841f-7414-408f-8781-ec99f21173f5\\iot.jpg__16x16_q85_crop_subsampling-2_upscale.jpg", "modified": "2018-11-08T21:59:31.107Z", "source": 5}}, {"model": "easy_thumbnails.thumbnail", "pk": 26, "fields": {"storage_hash": "f9bde26a1556cd667f742bd34ec7c55e", "name": "filer_public_thumbnails\\filer_public/6c/fc/6cfc841f-7414-408f-8781-ec99f21173f5\\iot.jpg__32x32_q85_crop_subsampling-2_upscale.jpg", "modified": "2018-11-08T21:59:31.302Z", "source": 5}}, {"model": "easy_thumbnails.thumbnail", "pk": 27, "fields": {"storage_hash": "f9bde26a1556cd667f742bd34ec7c55e", "name": "filer_public_thumbnails\\filer_public/6c/fc/6cfc841f-7414-408f-8781-ec99f21173f5\\iot.jpg__48x48_q85_crop_subsampling-2_upscale.jpg", "modified": "2018-11-08T21:59:31.493Z", "source": 5}}, {"model": "easy_thumbnails.thumbnail", "pk": 28, "fields": {"storage_hash": "f9bde26a1556cd667f742bd34ec7c55e", "name": "filer_public_thumbnails\\filer_public/6c/fc/6cfc841f-7414-408f-8781-ec99f21173f5\\iot.jpg__64x64_q85_crop_subsampling-2_upscale.jpg", "modified": "2018-11-08T21:59:31.689Z", "source": 5}}, {"model": "easy_thumbnails.thumbnail", "pk": 29, "fields": {"storage_hash": "f9bde26a1556cd667f742bd34ec7c55e", "name": "filer_public_thumbnails\\filer_public/6c/fc/6cfc841f-7414-408f-8781-ec99f21173f5\\iot.jpg__180x180_q85_crop_subsampling-2_upscale.jpg", "modified": "2018-11-08T21:59:31.894Z", "source": 5}}, {"model": "easy_thumbnails.thumbnail", "pk": 30, "fields": {"storage_hash": "f9bde26a1556cd667f742bd34ec7c55e", "name": "filer_public_thumbnails\\filer_public/6c/fc/6cfc841f-7414-408f-8781-ec99f21173f5\\iot.jpg__800x450_q85_crop_subsampling-2.jpg", "modified": "2018-11-08T22:00:54.264Z", "source": 5}}, {"model": "easy_thumbnails.thumbnail", "pk": 31, "fields": {"storage_hash": "f9bde26a1556cd667f742bd34ec7c55e", "name": "filer_public_thumbnails\\filer_public/74/c9/74c9ab97-1f4b-4c39-8ea8-72239a1db872\\wombat.jpg__16x16_q85_crop_subsampling-2_upscale.jpg", "modified": "2018-11-08T22:12:59.371Z", "source": 6}}, {"model": "easy_thumbnails.thumbnail", "pk": 32, "fields": {"storage_hash": "f9bde26a1556cd667f742bd34ec7c55e", "name": "filer_public_thumbnails\\filer_public/74/c9/74c9ab97-1f4b-4c39-8ea8-72239a1db872\\wombat.jpg__32x32_q85_crop_subsampling-2_upscale.jpg", "modified": "2018-11-08T22:12:59.575Z", "source": 6}}, {"model": "easy_thumbnails.thumbnail", "pk": 33, "fields": {"storage_hash": "f9bde26a1556cd667f742bd34ec7c55e", "name": "filer_public_thumbnails\\filer_public/74/c9/74c9ab97-1f4b-4c39-8ea8-72239a1db872\\wombat.jpg__48x48_q85_crop_subsampling-2_upscale.jpg", "modified": "2018-11-08T22:12:59.783Z", "source": 6}}, {"model": "easy_thumbnails.thumbnail", "pk": 34, "fields": {"storage_hash": "f9bde26a1556cd667f742bd34ec7c55e", "name": "filer_public_thumbnails\\filer_public/74/c9/74c9ab97-1f4b-4c39-8ea8-72239a1db872\\wombat.jpg__64x64_q85_crop_subsampling-2_upscale.jpg", "modified": "2018-11-08T22:12:59.982Z", "source": 6}}, {"model": "easy_thumbnails.thumbnail", "pk": 35, "fields": {"storage_hash": "f9bde26a1556cd667f742bd34ec7c55e", "name": "filer_public_thumbnails\\filer_public/74/c9/74c9ab97-1f4b-4c39-8ea8-72239a1db872\\wombat.jpg__180x180_q85_crop_subsampling-2_upscale.jpg", "modified": "2018-11-08T22:13:00.191Z", "source": 6}}, {"model": "easy_thumbnails.thumbnail", "pk": 36, "fields": {"storage_hash": "f9bde26a1556cd667f742bd34ec7c55e", "name": "filer_public_thumbnails\\filer_public/1e/45/1e45b66e-559d-41ba-998d-9f740b34bb40\\1.jpg__16x16_q85_crop_subsampling-2_upscale.jpg", "modified": "2018-11-08T22:30:38.731Z", "source": 7}}, {"model": "easy_thumbnails.thumbnail", "pk": 37, "fields": {"storage_hash": "f9bde26a1556cd667f742bd34ec7c55e", "name": "filer_public_thumbnails\\filer_public/1e/45/1e45b66e-559d-41ba-998d-9f740b34bb40\\1.jpg__32x32_q85_crop_subsampling-2_upscale.jpg", "modified": "2018-11-08T22:30:39.019Z", "source": 7}}, {"model": "easy_thumbnails.thumbnail", "pk": 38, "fields": {"storage_hash": "f9bde26a1556cd667f742bd34ec7c55e", "name": "filer_public_thumbnails\\filer_public/1e/45/1e45b66e-559d-41ba-998d-9f740b34bb40\\1.jpg__48x48_q85_crop_subsampling-2_upscale.jpg", "modified": "2018-11-08T22:30:39.298Z", "source": 7}}, {"model": "easy_thumbnails.thumbnail", "pk": 39, "fields": {"storage_hash": "f9bde26a1556cd667f742bd34ec7c55e", "name": "filer_public_thumbnails\\filer_public/1e/45/1e45b66e-559d-41ba-998d-9f740b34bb40\\1.jpg__64x64_q85_crop_subsampling-2_upscale.jpg", "modified": "2018-11-08T22:30:39.559Z", "source": 7}}, {"model": "easy_thumbnails.thumbnail", "pk": 40, "fields": {"storage_hash": "f9bde26a1556cd667f742bd34ec7c55e", "name": "filer_public_thumbnails\\filer_public/1e/45/1e45b66e-559d-41ba-998d-9f740b34bb40\\1.jpg__180x180_q85_crop_subsampling-2_upscale.jpg", "modified": "2018-11-08T22:30:39.870Z", "source": 7}}, {"model": "easy_thumbnails.thumbnail", "pk": 41, "fields": {"storage_hash": "f9bde26a1556cd667f742bd34ec7c55e", "name": "filer_public_thumbnails\\filer_public/1e/45/1e45b66e-559d-41ba-998d-9f740b34bb40\\1.jpg__800x450_q85_crop_subsampling-2.jpg", "modified": "2018-11-08T22:32:09.589Z", "source": 7}}, {"model": "easy_thumbnails.thumbnail", "pk": 42, "fields": {"storage_hash": "f9bde26a1556cd667f742bd34ec7c55e", "name": "filer_public_thumbnails\\filer_public/74/c9/74c9ab97-1f4b-4c39-8ea8-72239a1db872\\wombat.jpg__50x50_q85_crop_subsampling-2_upscale.jpg", "modified": "2018-11-08T22:32:09.967Z", "source": 6}}, {"model": "djangocms_style.style", "pk": 8, "fields": {"template": "default", "label": "", "tag_type": "h2", "class_name": "", "additional_classes": "", "id_name": "", "attributes": {}, "padding_top": null, "padding_right": null, "padding_bottom": null, "padding_left": null, "margin_top": null, "margin_right": null, "margin_bottom": null, "margin_left": null}}, {"model": "djangocms_style.style", "pk": 15, "fields": {"template": "default", "label": "", "tag_type": "h2", "class_name": "", "additional_classes": "", "id_name": "", "attributes": {}, "padding_top": null, "padding_right": null, "padding_bottom": null, "padding_left": null, "margin_top": null, "margin_right": null, "margin_bottom": null, "margin_left": null}}, {"model": "aldryn_categories.categorytranslation", "pk": 1, "fields": {"language_code": "en", "name": "VideoCasts", "slug": "videocast", "master": 1}}, {"model": "aldryn_categories.categorytranslation", "pk": 2, "fields": {"language_code": "en", "name": "Articles", "slug": "article", "master": 2}}, {"model": "aldryn_categories.category", "pk": 1, "fields": {"lft": 1, "rgt": 2, "tree_id": 1, "depth": 1}}, {"model": "aldryn_categories.category", "pk": 2, "fields": {"lft": 1, "rgt": 2, "tree_id": 2, "depth": 1}}, {"model": "aldryn_people.persontranslation", "pk": 1, "fields": {"language_code": "en", "name": "Mohammad", "slug": "mohy", "function": "Admin", "description": "<p>A good boy :))))</p>", "master": 1}}, {"model": "aldryn_people.persontranslation", "pk": 2, "fields": {"language_code": "en", "name": "Wombat86", "slug": "wombat", "function": "Writer", "description": "<p>\u0648\u0645\u0628\u062a \u0628\u062f \u0639\u0646\u0642</p>", "master": 2}}, {"model": "taggit.tag", "pk": 1, "fields": {"name": "test", "slug": "test"}}, {"model": "taggit.tag", "pk": 2, "fields": {"name": "three", "slug": "three"}}, {"model": "taggit.tag", "pk": 3, "fields": {"name": "two", "slug": "two"}}, {"model": "taggit.tag", "pk": 4, "fields": {"name": "one", "slug": "one"}}, {"model": "taggit.tag", "pk": 5, "fields": {"name": "fundamental", "slug": "fundamental"}}, {"model": "taggit.tag", "pk": 6, "fields": {"name": "python", "slug": "python"}}, {"model": "taggit.tag", "pk": 7, "fields": {"name": "Web Design", "slug": "web-design"}}, {"model": "taggit.tag", "pk": 8, "fields": {"name": "Django", "slug": "django"}}, {"model": "taggit.tag", "pk": 9, "fields": {"name": "Python", "slug": "python_1"}}, {"model": "taggit.tag", "pk": 10, "fields": {"name": "Fundamental", "slug": "fundamental_1"}}, {"model": "taggit.taggeditem", "pk": 1, "fields": {"tag": 1, "content_type": 59, "object_id": 3}}, {"model": "taggit.taggeditem", "pk": 2, "fields": {"tag": 2, "content_type": 59, "object_id": 3}}, {"model": "taggit.taggeditem", "pk": 3, "fields": {"tag": 3, "content_type": 59, "object_id": 3}}, {"model": "taggit.taggeditem", "pk": 4, "fields": {"tag": 4, "content_type": 59, "object_id": 3}}, {"model": "taggit.taggeditem", "pk": 5, "fields": {"tag": 5, "content_type": 59, "object_id": 4}}, {"model": "taggit.taggeditem", "pk": 6, "fields": {"tag": 6, "content_type": 59, "object_id": 4}}, {"model": "taggit.taggeditem", "pk": 7, "fields": {"tag": 8, "content_type": 59, "object_id": 8}}, {"model": "taggit.taggeditem", "pk": 8, "fields": {"tag": 9, "content_type": 59, "object_id": 8}}, {"model": "taggit.taggeditem", "pk": 9, "fields": {"tag": 7, "content_type": 59, "object_id": 8}}, {"model": "taggit.taggeditem", "pk": 10, "fields": {"tag": 9, "content_type": 59, "object_id": 9}}, {"model": "taggit.taggeditem", "pk": 11, "fields": {"tag": 10, "content_type": 59, "object_id": 9}}, {"model": "aldryn_newsblog.newsblogconfigtranslation", "pk": 1, "fields": {"language_code": "en", "app_title": "News & Blog", "master": 1}}, {"model": "aldryn_newsblog.newsblogconfigtranslation", "pk": 2, "fields": {"language_code": "en", "app_title": "Blog", "master": 2}}, {"model": "aldryn_newsblog.newsblogconfigtranslation", "pk": 3, "fields": {"language_code": "en", "app_title": "Media", "master": 3}}, {"model": "aldryn_newsblog.newsblogconfigtranslation", "pk": 4, "fields": {"language_code": "en", "app_title": "Portfolio", "master": 4}}, {"model": "aldryn_newsblog.newsblogconfig", "pk": 1, "fields": {"type": "aldryn_newsblog.cms_appconfig.NewsBlogConfig", "namespace": "aldryn_newsblog_default", "app_data": "{}", "permalink_type": "slug", "non_permalink_handling": 302, "paginate_by": 5, "pagination_pages_start": 10, "pagination_pages_visible": 4, "exclude_featured": 0, "template_prefix": null, "create_authors": true, "search_indexed": true, "placeholder_base_top": 16, "placeholder_base_sidebar": 15, "placeholder_list_top": 21, "placeholder_list_footer": 20, "placeholder_detail_top": 19, "placeholder_detail_bottom": 17, "placeholder_detail_footer": 18}}, {"model": "aldryn_newsblog.newsblogconfig", "pk": 2, "fields": {"type": "aldryn_newsblog.cms_appconfig.NewsBlogConfig", "namespace": "Blog", "app_data": "{\"config\": {\"default_published\": false}}", "permalink_type": "s", "non_permalink_handling": 302, "paginate_by": 5, "pagination_pages_start": 10, "pagination_pages_visible": 4, "exclude_featured": 0, "template_prefix": null, "create_authors": true, "search_indexed": true, "placeholder_base_top": 22, "placeholder_base_sidebar": 23, "placeholder_list_top": 24, "placeholder_list_footer": 25, "placeholder_detail_top": 26, "placeholder_detail_bottom": 27, "placeholder_detail_footer": 28}}, {"model": "aldryn_newsblog.newsblogconfig", "pk": 3, "fields": {"type": "aldryn_newsblog.cms_appconfig.NewsBlogConfig", "namespace": "Media", "app_data": "{\"config\": {\"default_published\": false}}", "permalink_type": "s", "non_permalink_handling": 302, "paginate_by": 5, "pagination_pages_start": 10, "pagination_pages_visible": 4, "exclude_featured": 0, "template_prefix": null, "create_authors": true, "search_indexed": true, "placeholder_base_top": 44, "placeholder_base_sidebar": 45, "placeholder_list_top": 46, "placeholder_list_footer": 47, "placeholder_detail_top": 48, "placeholder_detail_bottom": 49, "placeholder_detail_footer": 50}}, {"model": "aldryn_newsblog.newsblogconfig", "pk": 4, "fields": {"type": "aldryn_newsblog.cms_appconfig.NewsBlogConfig", "namespace": "Portfolio", "app_data": "{\"config\": {\"default_published\": false}}", "permalink_type": "s", "non_permalink_handling": 302, "paginate_by": 5, "pagination_pages_start": 10, "pagination_pages_visible": 4, "exclude_featured": 0, "template_prefix": null, "create_authors": true, "search_indexed": true, "placeholder_base_top": 60, "placeholder_base_sidebar": 61, "placeholder_list_top": 62, "placeholder_list_footer": 63, "placeholder_detail_top": 64, "placeholder_detail_bottom": 65, "placeholder_detail_footer": 66}}, {"model": "aldryn_newsblog.articletranslation", "pk": 1, "fields": {"language_code": "en", "title": "First Article", "slug": "1", "lead_in": "<p>this is summary</p>\n\n<p>When you use a theme created by Start Bootstrap, you know that the theme will look great on any device, whether it's a phone, tablet, or desktop the page will behave responsively!</p>\n\n<p>When you use a theme created by Start Bootstrap, you know that the theme will look great on any device, whether it's a phone, tablet, or desktop the page will behave responsively!</p>\n\n<p>When you use a theme created by Start Bootstrap, you know that the theme will look great on any device, whether it's a phone, tablet, or desktop the page will behave responsively!</p>", "meta_title": "", "meta_description": "", "meta_keywords": "", "search_data": "", "master": 1}}, {"model": "aldryn_newsblog.articletranslation", "pk": 2, "fields": {"language_code": "en", "title": "\u0627\u0645\u0646\u06cc\u062a \u0627\u06cc\u0646\u062a\u0631\u0646\u062a \u0627\u0634\u06cc\u0627", "slug": "mnyt-yntrnt-shy", "lead_in": "<p>lorem ipsum</p>", "meta_title": "", "meta_description": "", "meta_keywords": "", "search_data": "", "master": 2}}, {"model": "aldryn_newsblog.articletranslation", "pk": 3, "fields": {"language_code": "en", "title": "third", "slug": "third", "lead_in": "<p>third</p>\n\n<section>\n<p>Landing Page is just HTML and CSS with a splash of SCSS for users who demand some deeper customization options. Out of the box, just add your content and images, and your new landing page will be ready to go!</p>\n</section>\n\n<footer>\u00a0</footer>", "meta_title": "", "meta_description": "", "meta_keywords": "", "search_data": "", "master": 3}}, {"model": "aldryn_newsblog.articletranslation", "pk": 4, "fields": {"language_code": "en", "title": "Fundamentals of Python", "slug": "fundamental-p1", "lead_in": "<p>Learn fundamentals of python , First part</p>\n\n<p>\u00a0</p>\n\n<p>Enjoy this video Serires &lt;3</p>", "meta_title": "", "meta_description": "", "meta_keywords": "", "search_data": "", "master": 4}}, {"model": "aldryn_newsblog.articletranslation", "pk": 5, "fields": {"language_code": "en", "title": "welcome", "slug": "welcome", "lead_in": "<p>welcome to our site\u00a0</p>\n\n<p>\u00a0</p>\n\n<section>\n<p>ith a splash of SCSS for users who demand some deeper customization options. Out of the box, just add your content and images, and your new landing page will be ready to go!</p>\n</section>\n\n<footer>\n<section>\n<p>ith a splash of SCSS for users who demand some deeper customization options. Out of the box, just add your content and images, and your new landing page will be ready to go!</p>\n</section>\n\n<footer>\n<section>\n<p>ith a splash of SCSS for users who demand some deeper customization options. Out of the box, just add your content and images, and your new landing page will be ready to go!</p>\n</section>\n\n<footer>\u00a0</footer>\n</footer>\n</footer>", "meta_title": "", "meta_description": "", "meta_keywords": "", "search_data": "", "master": 5}}, {"model": "aldryn_newsblog.articletranslation", "pk": 6, "fields": {"language_code": "en", "title": "full of fun", "slug": "full-of-fun", "lead_in": "<p>please be full of fun\u00a0</p>\n\n<section>\n<p>ith a splash of SCSS for users who demand some deeper customization options. Out of the box, just add your content and images, and your new landing page will be ready to go!<br>\nith a splash of SCSS for users who demand some deeper customization options. Out of the box, just add your content and images, and your new landing page will be ready to go!</p>\n\n<footer>\u00a0</footer>\n</section>", "meta_title": "", "meta_description": "", "meta_keywords": "", "search_data": "", "master": 6}}, {"model": "aldryn_newsblog.articletranslation", "pk": 7, "fields": {"language_code": "en", "title": "be helpfull", "slug": "be-helpfull", "lead_in": "<p>wow , my best friend , we are the best</p>", "meta_title": "", "meta_description": "", "meta_keywords": "", "search_data": "", "master": 7}}, {"model": "aldryn_newsblog.articletranslation", "pk": 8, "fields": {"language_code": "en", "title": "Website Design", "slug": "p1", "lead_in": "<p>We proudly designed IoT Department's Website for <a href=\"http://catui.ir\">Catui</a>\u00a0</p>", "meta_title": "", "meta_description": "", "meta_keywords": "", "search_data": "", "master": 8}}, {"model": "aldryn_newsblog.articletranslation", "pk": 9, "fields": {"language_code": "en", "title": "Second Part of Python fundamental", "slug": "second-part-of-python-fundamental", "lead_in": "<p>Welcome to another part of python learning , Hope to enjoy it ..\u00a0</p>\n\n<p>please leave your comments below</p>", "meta_title": "", "meta_description": "", "meta_keywords": "", "search_data": "", "master": 9}}, {"model": "aldryn_newsblog.newsblogarticlesearchplugin", "pk": 13, "fields": {"app_config": 2, "max_articles": 10}}, {"model": "aldryn_newsblog.newsblogarticlesearchplugin", "pk": 14, "fields": {"app_config": 2, "max_articles": 10}}, {"model": "aldryn_newsblog.newsblogarticlesearchplugin", "pk": 18, "fields": {"app_config": 3, "max_articles": 10}}, {"model": "aldryn_newsblog.newsblogarticlesearchplugin", "pk": 19, "fields": {"app_config": 3, "max_articles": 10}}, {"model": "comment.comment", "pk": 18, "fields": {"text": "\u0633\u0644\u0627\u0645 \u0628\u0631\u0627\u062f\u0631\u0645 \u060c \u0627\u0633\u06af\u0644", "name": "moein", "email": "22moein86@gmail.com"}}, {"model": "comment.comment", "pk": 19, "fields": {"text": "\u0644\u0637\u0641\u0627 \u0648\u0645\u0628\u062a \u0628\u062f \u0639\u0646\u0642 \u0631\u0627 \u0627\u062e\u0631\u0627\u062c \u06a9\u0646\u06cc\u062f ", "name": "mohammad", "email": "mohy1376@gmail.com"}}, {"model": "auth.permission", "pk": 1, "fields": {"name": "Can use Structure mode", "content_type": 1, "codename": "use_structure"}}, {"model": "auth.permission", "pk": 2, "fields": {"name": "Can change page", "content_type": 2, "codename": "change_page"}}, {"model": "auth.permission", "pk": 3, "fields": {"name": "Can add permission", "content_type": 3, "codename": "add_permission"}}, {"model": "auth.permission", "pk": 4, "fields": {"name": "Can change permission", "content_type": 3, "codename": "change_permission"}}, {"model": "auth.permission", "pk": 5, "fields": {"name": "Can delete permission", "content_type": 3, "codename": "delete_permission"}}, {"model": "auth.permission", "pk": 6, "fields": {"name": "Can add group", "content_type": 4, "codename": "add_group"}}, {"model": "auth.permission", "pk": 7, "fields": {"name": "Can change group", "content_type": 4, "codename": "change_group"}}, {"model": "auth.permission", "pk": 8, "fields": {"name": "Can delete group", "content_type": 4, "codename": "delete_group"}}, {"model": "auth.permission", "pk": 9, "fields": {"name": "Can add user", "content_type": 5, "codename": "add_user"}}, {"model": "auth.permission", "pk": 10, "fields": {"name": "Can change user", "content_type": 5, "codename": "change_user"}}, {"model": "auth.permission", "pk": 11, "fields": {"name": "Can delete user", "content_type": 5, "codename": "delete_user"}}, {"model": "auth.permission", "pk": 12, "fields": {"name": "Can add content type", "content_type": 6, "codename": "add_contenttype"}}, {"model": "auth.permission", "pk": 13, "fields": {"name": "Can change content type", "content_type": 6, "codename": "change_contenttype"}}, {"model": "auth.permission", "pk": 14, "fields": {"name": "Can delete content type", "content_type": 6, "codename": "delete_contenttype"}}, {"model": "auth.permission", "pk": 15, "fields": {"name": "Can add session", "content_type": 7, "codename": "add_session"}}, {"model": "auth.permission", "pk": 16, "fields": {"name": "Can change session", "content_type": 7, "codename": "change_session"}}, {"model": "auth.permission", "pk": 17, "fields": {"name": "Can delete session", "content_type": 7, "codename": "delete_session"}}, {"model": "auth.permission", "pk": 18, "fields": {"name": "Can add log entry", "content_type": 8, "codename": "add_logentry"}}, {"model": "auth.permission", "pk": 19, "fields": {"name": "Can change log entry", "content_type": 8, "codename": "change_logentry"}}, {"model": "auth.permission", "pk": 20, "fields": {"name": "Can delete log entry", "content_type": 8, "codename": "delete_logentry"}}, {"model": "auth.permission", "pk": 21, "fields": {"name": "Can add site", "content_type": 9, "codename": "add_site"}}, {"model": "auth.permission", "pk": 22, "fields": {"name": "Can change site", "content_type": 9, "codename": "change_site"}}, {"model": "auth.permission", "pk": 23, "fields": {"name": "Can delete site", "content_type": 9, "codename": "delete_site"}}, {"model": "auth.permission", "pk": 24, "fields": {"name": "Can add cms plugin", "content_type": 10, "codename": "add_cmsplugin"}}, {"model": "auth.permission", "pk": 25, "fields": {"name": "Can change cms plugin", "content_type": 10, "codename": "change_cmsplugin"}}, {"model": "auth.permission", "pk": 26, "fields": {"name": "Can delete cms plugin", "content_type": 10, "codename": "delete_cmsplugin"}}, {"model": "auth.permission", "pk": 27, "fields": {"name": "Can add alias plugin model", "content_type": 11, "codename": "add_aliaspluginmodel"}}, {"model": "auth.permission", "pk": 28, "fields": {"name": "Can change alias plugin model", "content_type": 11, "codename": "change_aliaspluginmodel"}}, {"model": "auth.permission", "pk": 29, "fields": {"name": "Can delete alias plugin model", "content_type": 11, "codename": "delete_aliaspluginmodel"}}, {"model": "auth.permission", "pk": 30, "fields": {"name": "Can add Page global permission", "content_type": 12, "codename": "add_globalpagepermission"}}, {"model": "auth.permission", "pk": 31, "fields": {"name": "Can change Page global permission", "content_type": 12, "codename": "change_globalpagepermission"}}, {"model": "auth.permission", "pk": 32, "fields": {"name": "Can delete Page global permission", "content_type": 12, "codename": "delete_globalpagepermission"}}, {"model": "auth.permission", "pk": 33, "fields": {"name": "Can add page", "content_type": 2, "codename": "add_page"}}, {"model": "auth.permission", "pk": 34, "fields": {"name": "Can delete page", "content_type": 2, "codename": "delete_page"}}, {"model": "auth.permission", "pk": 35, "fields": {"name": "Can view page", "content_type": 2, "codename": "view_page"}}, {"model": "auth.permission", "pk": 36, "fields": {"name": "Can publish page", "content_type": 2, "codename": "publish_page"}}, {"model": "auth.permission", "pk": 37, "fields": {"name": "Can edit static placeholders", "content_type": 2, "codename": "edit_static_placeholder"}}, {"model": "auth.permission", "pk": 38, "fields": {"name": "Can add Page permission", "content_type": 13, "codename": "add_pagepermission"}}, {"model": "auth.permission", "pk": 39, "fields": {"name": "Can change Page permission", "content_type": 13, "codename": "change_pagepermission"}}, {"model": "auth.permission", "pk": 40, "fields": {"name": "Can delete Page permission", "content_type": 13, "codename": "delete_pagepermission"}}, {"model": "auth.permission", "pk": 41, "fields": {"name": "Can add User (page)", "content_type": 14, "codename": "add_pageuser"}}, {"model": "auth.permission", "pk": 42, "fields": {"name": "Can change User (page)", "content_type": 14, "codename": "change_pageuser"}}, {"model": "auth.permission", "pk": 43, "fields": {"name": "Can delete User (page)", "content_type": 14, "codename": "delete_pageuser"}}, {"model": "auth.permission", "pk": 44, "fields": {"name": "Can add User group (page)", "content_type": 15, "codename": "add_pageusergroup"}}, {"model": "auth.permission", "pk": 45, "fields": {"name": "Can change User group (page)", "content_type": 15, "codename": "change_pageusergroup"}}, {"model": "auth.permission", "pk": 46, "fields": {"name": "Can delete User group (page)", "content_type": 15, "codename": "delete_pageusergroup"}}, {"model": "auth.permission", "pk": 47, "fields": {"name": "Can add placeholder", "content_type": 1, "codename": "add_placeholder"}}, {"model": "auth.permission", "pk": 48, "fields": {"name": "Can change placeholder", "content_type": 1, "codename": "change_placeholder"}}, {"model": "auth.permission", "pk": 49, "fields": {"name": "Can delete placeholder", "content_type": 1, "codename": "delete_placeholder"}}, {"model": "auth.permission", "pk": 50, "fields": {"name": "Can add placeholder reference", "content_type": 16, "codename": "add_placeholderreference"}}, {"model": "auth.permission", "pk": 51, "fields": {"name": "Can change placeholder reference", "content_type": 16, "codename": "change_placeholderreference"}}, {"model": "auth.permission", "pk": 52, "fields": {"name": "Can delete placeholder reference", "content_type": 16, "codename": "delete_placeholderreference"}}, {"model": "auth.permission", "pk": 53, "fields": {"name": "Can add static placeholder", "content_type": 17, "codename": "add_staticplaceholder"}}, {"model": "auth.permission", "pk": 54, "fields": {"name": "Can change static placeholder", "content_type": 17, "codename": "change_staticplaceholder"}}, {"model": "auth.permission", "pk": 55, "fields": {"name": "Can delete static placeholder", "content_type": 17, "codename": "delete_staticplaceholder"}}, {"model": "auth.permission", "pk": 56, "fields": {"name": "Can add title", "content_type": 18, "codename": "add_title"}}, {"model": "auth.permission", "pk": 57, "fields": {"name": "Can change title", "content_type": 18, "codename": "change_title"}}, {"model": "auth.permission", "pk": 58, "fields": {"name": "Can delete title", "content_type": 18, "codename": "delete_title"}}, {"model": "auth.permission", "pk": 59, "fields": {"name": "Can add user setting", "content_type": 19, "codename": "add_usersettings"}}, {"model": "auth.permission", "pk": 60, "fields": {"name": "Can change user setting", "content_type": 19, "codename": "change_usersettings"}}, {"model": "auth.permission", "pk": 61, "fields": {"name": "Can delete user setting", "content_type": 19, "codename": "delete_usersettings"}}, {"model": "auth.permission", "pk": 62, "fields": {"name": "Can add urlconf revision", "content_type": 20, "codename": "add_urlconfrevision"}}, {"model": "auth.permission", "pk": 63, "fields": {"name": "Can change urlconf revision", "content_type": 20, "codename": "change_urlconfrevision"}}, {"model": "auth.permission", "pk": 64, "fields": {"name": "Can delete urlconf revision", "content_type": 20, "codename": "delete_urlconfrevision"}}, {"model": "auth.permission", "pk": 65, "fields": {"name": "Can add cache key", "content_type": 23, "codename": "add_cachekey"}}, {"model": "auth.permission", "pk": 66, "fields": {"name": "Can change cache key", "content_type": 23, "codename": "change_cachekey"}}, {"model": "auth.permission", "pk": 67, "fields": {"name": "Can delete cache key", "content_type": 23, "codename": "delete_cachekey"}}, {"model": "auth.permission", "pk": 68, "fields": {"name": "Can add text", "content_type": 24, "codename": "add_text"}}, {"model": "auth.permission", "pk": 69, "fields": {"name": "Can change text", "content_type": 24, "codename": "change_text"}}, {"model": "auth.permission", "pk": 70, "fields": {"name": "Can delete text", "content_type": 24, "codename": "delete_text"}}, {"model": "auth.permission", "pk": 71, "fields": {"name": "Can add clipboard", "content_type": 25, "codename": "add_clipboard"}}, {"model": "auth.permission", "pk": 72, "fields": {"name": "Can change clipboard", "content_type": 25, "codename": "change_clipboard"}}, {"model": "auth.permission", "pk": 73, "fields": {"name": "Can delete clipboard", "content_type": 25, "codename": "delete_clipboard"}}, {"model": "auth.permission", "pk": 74, "fields": {"name": "Can add clipboard item", "content_type": 26, "codename": "add_clipboarditem"}}, {"model": "auth.permission", "pk": 75, "fields": {"name": "Can change clipboard item", "content_type": 26, "codename": "change_clipboarditem"}}, {"model": "auth.permission", "pk": 76, "fields": {"name": "Can delete clipboard item", "content_type": 26, "codename": "delete_clipboarditem"}}, {"model": "auth.permission", "pk": 77, "fields": {"name": "Can add file", "content_type": 27, "codename": "add_file"}}, {"model": "auth.permission", "pk": 78, "fields": {"name": "Can change file", "content_type": 27, "codename": "change_file"}}, {"model": "auth.permission", "pk": 79, "fields": {"name": "Can delete file", "content_type": 27, "codename": "delete_file"}}, {"model": "auth.permission", "pk": 80, "fields": {"name": "Can add Folder", "content_type": 28, "codename": "add_folder"}}, {"model": "auth.permission", "pk": 81, "fields": {"name": "Can change Folder", "content_type": 28, "codename": "change_folder"}}, {"model": "auth.permission", "pk": 82, "fields": {"name": "Can delete Folder", "content_type": 28, "codename": "delete_folder"}}, {"model": "auth.permission", "pk": 83, "fields": {"name": "Can use directory listing", "content_type": 28, "codename": "can_use_directory_listing"}}, {"model": "auth.permission", "pk": 84, "fields": {"name": "Can add folder permission", "content_type": 29, "codename": "add_folderpermission"}}, {"model": "auth.permission", "pk": 85, "fields": {"name": "Can change folder permission", "content_type": 29, "codename": "change_folderpermission"}}, {"model": "auth.permission", "pk": 86, "fields": {"name": "Can delete folder permission", "content_type": 29, "codename": "delete_folderpermission"}}, {"model": "auth.permission", "pk": 87, "fields": {"name": "Can add image", "content_type": 30, "codename": "add_image"}}, {"model": "auth.permission", "pk": 88, "fields": {"name": "Can change image", "content_type": 30, "codename": "change_image"}}, {"model": "auth.permission", "pk": 89, "fields": {"name": "Can delete image", "content_type": 30, "codename": "delete_image"}}, {"model": "auth.permission", "pk": 90, "fields": {"name": "Can add thumbnail option", "content_type": 31, "codename": "add_thumbnailoption"}}, {"model": "auth.permission", "pk": 91, "fields": {"name": "Can change thumbnail option", "content_type": 31, "codename": "change_thumbnailoption"}}, {"model": "auth.permission", "pk": 92, "fields": {"name": "Can delete thumbnail option", "content_type": 31, "codename": "delete_thumbnailoption"}}, {"model": "auth.permission", "pk": 93, "fields": {"name": "Can add source", "content_type": 32, "codename": "add_source"}}, {"model": "auth.permission", "pk": 94, "fields": {"name": "Can change source", "content_type": 32, "codename": "change_source"}}, {"model": "auth.permission", "pk": 95, "fields": {"name": "Can delete source", "content_type": 32, "codename": "delete_source"}}, {"model": "auth.permission", "pk": 96, "fields": {"name": "Can add thumbnail", "content_type": 33, "codename": "add_thumbnail"}}, {"model": "auth.permission", "pk": 97, "fields": {"name": "Can change thumbnail", "content_type": 33, "codename": "change_thumbnail"}}, {"model": "auth.permission", "pk": 98, "fields": {"name": "Can delete thumbnail", "content_type": 33, "codename": "delete_thumbnail"}}, {"model": "auth.permission", "pk": 99, "fields": {"name": "Can add thumbnail dimensions", "content_type": 34, "codename": "add_thumbnaildimensions"}}, {"model": "auth.permission", "pk": 100, "fields": {"name": "Can change thumbnail dimensions", "content_type": 34, "codename": "change_thumbnaildimensions"}}, {"model": "auth.permission", "pk": 101, "fields": {"name": "Can delete thumbnail dimensions", "content_type": 34, "codename": "delete_thumbnaildimensions"}}, {"model": "auth.permission", "pk": 102, "fields": {"name": "Can add column", "content_type": 35, "codename": "add_column"}}, {"model": "auth.permission", "pk": 103, "fields": {"name": "Can change column", "content_type": 35, "codename": "change_column"}}, {"model": "auth.permission", "pk": 104, "fields": {"name": "Can delete column", "content_type": 35, "codename": "delete_column"}}, {"model": "auth.permission", "pk": 105, "fields": {"name": "Can add multi columns", "content_type": 36, "codename": "add_multicolumns"}}, {"model": "auth.permission", "pk": 106, "fields": {"name": "Can change multi columns", "content_type": 36, "codename": "change_multicolumns"}}, {"model": "auth.permission", "pk": 107, "fields": {"name": "Can delete multi columns", "content_type": 36, "codename": "delete_multicolumns"}}, {"model": "auth.permission", "pk": 108, "fields": {"name": "Can add file", "content_type": 37, "codename": "add_file"}}, {"model": "auth.permission", "pk": 109, "fields": {"name": "Can change file", "content_type": 37, "codename": "change_file"}}, {"model": "auth.permission", "pk": 110, "fields": {"name": "Can delete file", "content_type": 37, "codename": "delete_file"}}, {"model": "auth.permission", "pk": 111, "fields": {"name": "Can add folder", "content_type": 38, "codename": "add_folder"}}, {"model": "auth.permission", "pk": 112, "fields": {"name": "Can change folder", "content_type": 38, "codename": "change_folder"}}, {"model": "auth.permission", "pk": 113, "fields": {"name": "Can delete folder", "content_type": 38, "codename": "delete_folder"}}, {"model": "auth.permission", "pk": 114, "fields": {"name": "Can add link", "content_type": 39, "codename": "add_link"}}, {"model": "auth.permission", "pk": 115, "fields": {"name": "Can change link", "content_type": 39, "codename": "change_link"}}, {"model": "auth.permission", "pk": 116, "fields": {"name": "Can delete link", "content_type": 39, "codename": "delete_link"}}, {"model": "auth.permission", "pk": 117, "fields": {"name": "Can add picture", "content_type": 40, "codename": "add_picture"}}, {"model": "auth.permission", "pk": 118, "fields": {"name": "Can change picture", "content_type": 40, "codename": "change_picture"}}, {"model": "auth.permission", "pk": 119, "fields": {"name": "Can delete picture", "content_type": 40, "codename": "delete_picture"}}, {"model": "auth.permission", "pk": 120, "fields": {"name": "Can add style", "content_type": 41, "codename": "add_style"}}, {"model": "auth.permission", "pk": 121, "fields": {"name": "Can change style", "content_type": 41, "codename": "change_style"}}, {"model": "auth.permission", "pk": 122, "fields": {"name": "Can delete style", "content_type": 41, "codename": "delete_style"}}, {"model": "auth.permission", "pk": 123, "fields": {"name": "Can add Snippet", "content_type": 42, "codename": "add_snippet"}}, {"model": "auth.permission", "pk": 124, "fields": {"name": "Can change Snippet", "content_type": 42, "codename": "change_snippet"}}, {"model": "auth.permission", "pk": 125, "fields": {"name": "Can delete Snippet", "content_type": 42, "codename": "delete_snippet"}}, {"model": "auth.permission", "pk": 126, "fields": {"name": "Can add Snippet", "content_type": 43, "codename": "add_snippetptr"}}, {"model": "auth.permission", "pk": 127, "fields": {"name": "Can change Snippet", "content_type": 43, "codename": "change_snippetptr"}}, {"model": "auth.permission", "pk": 128, "fields": {"name": "Can delete Snippet", "content_type": 43, "codename": "delete_snippetptr"}}, {"model": "auth.permission", "pk": 129, "fields": {"name": "Can add google map", "content_type": 44, "codename": "add_googlemap"}}, {"model": "auth.permission", "pk": 130, "fields": {"name": "Can change google map", "content_type": 44, "codename": "change_googlemap"}}, {"model": "auth.permission", "pk": 131, "fields": {"name": "Can delete google map", "content_type": 44, "codename": "delete_googlemap"}}, {"model": "auth.permission", "pk": 132, "fields": {"name": "Can add google map marker", "content_type": 45, "codename": "add_googlemapmarker"}}, {"model": "auth.permission", "pk": 133, "fields": {"name": "Can change google map marker", "content_type": 45, "codename": "change_googlemapmarker"}}, {"model": "auth.permission", "pk": 134, "fields": {"name": "Can delete google map marker", "content_type": 45, "codename": "delete_googlemapmarker"}}, {"model": "auth.permission", "pk": 135, "fields": {"name": "Can add google map route", "content_type": 46, "codename": "add_googlemaproute"}}, {"model": "auth.permission", "pk": 136, "fields": {"name": "Can change google map route", "content_type": 46, "codename": "change_googlemaproute"}}, {"model": "auth.permission", "pk": 137, "fields": {"name": "Can delete google map route", "content_type": 46, "codename": "delete_googlemaproute"}}, {"model": "auth.permission", "pk": 138, "fields": {"name": "Can add video player", "content_type": 47, "codename": "add_videoplayer"}}, {"model": "auth.permission", "pk": 139, "fields": {"name": "Can change video player", "content_type": 47, "codename": "change_videoplayer"}}, {"model": "auth.permission", "pk": 140, "fields": {"name": "Can delete video player", "content_type": 47, "codename": "delete_videoplayer"}}, {"model": "auth.permission", "pk": 141, "fields": {"name": "Can add video source", "content_type": 48, "codename": "add_videosource"}}, {"model": "auth.permission", "pk": 142, "fields": {"name": "Can change video source", "content_type": 48, "codename": "change_videosource"}}, {"model": "auth.permission", "pk": 143, "fields": {"name": "Can delete video source", "content_type": 48, "codename": "delete_videosource"}}, {"model": "auth.permission", "pk": 144, "fields": {"name": "Can add video track", "content_type": 49, "codename": "add_videotrack"}}, {"model": "auth.permission", "pk": 145, "fields": {"name": "Can change video track", "content_type": 49, "codename": "change_videotrack"}}, {"model": "auth.permission", "pk": 146, "fields": {"name": "Can delete video track", "content_type": 49, "codename": "delete_videotrack"}}, {"model": "auth.permission", "pk": 147, "fields": {"name": "Can add category", "content_type": 50, "codename": "add_category"}}, {"model": "auth.permission", "pk": 148, "fields": {"name": "Can change category", "content_type": 50, "codename": "change_category"}}, {"model": "auth.permission", "pk": 149, "fields": {"name": "Can delete category", "content_type": 50, "codename": "delete_category"}}, {"model": "auth.permission", "pk": 150, "fields": {"name": "Can add Group", "content_type": 52, "codename": "add_group"}}, {"model": "auth.permission", "pk": 151, "fields": {"name": "Can change Group", "content_type": 52, "codename": "change_group"}}, {"model": "auth.permission", "pk": 152, "fields": {"name": "Can delete Group", "content_type": 52, "codename": "delete_group"}}, {"model": "auth.permission", "pk": 153, "fields": {"name": "Can add people plugin", "content_type": 54, "codename": "add_peopleplugin"}}, {"model": "auth.permission", "pk": 154, "fields": {"name": "Can change people plugin", "content_type": 54, "codename": "change_peopleplugin"}}, {"model": "auth.permission", "pk": 155, "fields": {"name": "Can delete people plugin", "content_type": 54, "codename": "delete_peopleplugin"}}, {"model": "auth.permission", "pk": 156, "fields": {"name": "Can add Person", "content_type": 55, "codename": "add_person"}}, {"model": "auth.permission", "pk": 157, "fields": {"name": "Can change Person", "content_type": 55, "codename": "change_person"}}, {"model": "auth.permission", "pk": 158, "fields": {"name": "Can delete Person", "content_type": 55, "codename": "delete_person"}}, {"model": "auth.permission", "pk": 159, "fields": {"name": "Can add Tag", "content_type": 57, "codename": "add_tag"}}, {"model": "auth.permission", "pk": 160, "fields": {"name": "Can change Tag", "content_type": 57, "codename": "change_tag"}}, {"model": "auth.permission", "pk": 161, "fields": {"name": "Can delete Tag", "content_type": 57, "codename": "delete_tag"}}, {"model": "auth.permission", "pk": 162, "fields": {"name": "Can add Tagged Item", "content_type": 58, "codename": "add_taggeditem"}}, {"model": "auth.permission", "pk": 163, "fields": {"name": "Can change Tagged Item", "content_type": 58, "codename": "change_taggeditem"}}, {"model": "auth.permission", "pk": 164, "fields": {"name": "Can delete Tagged Item", "content_type": 58, "codename": "delete_taggeditem"}}, {"model": "auth.permission", "pk": 165, "fields": {"name": "Can add article", "content_type": 59, "codename": "add_article"}}, {"model": "auth.permission", "pk": 166, "fields": {"name": "Can change article", "content_type": 59, "codename": "change_article"}}, {"model": "auth.permission", "pk": 167, "fields": {"name": "Can delete article", "content_type": 59, "codename": "delete_article"}}, {"model": "auth.permission", "pk": 168, "fields": {"name": "Can add news blog archive plugin", "content_type": 61, "codename": "add_newsblogarchiveplugin"}}, {"model": "auth.permission", "pk": 169, "fields": {"name": "Can change news blog archive plugin", "content_type": 61, "codename": "change_newsblogarchiveplugin"}}, {"model": "auth.permission", "pk": 170, "fields": {"name": "Can delete news blog archive plugin", "content_type": 61, "codename": "delete_newsblogarchiveplugin"}}, {"model": "auth.permission", "pk": 171, "fields": {"name": "Can add news blog article search plugin", "content_type": 62, "codename": "add_newsblogarticlesearchplugin"}}, {"model": "auth.permission", "pk": 172, "fields": {"name": "Can change news blog article search plugin", "content_type": 62, "codename": "change_newsblogarticlesearchplugin"}}, {"model": "auth.permission", "pk": 173, "fields": {"name": "Can delete news blog article search plugin", "content_type": 62, "codename": "delete_newsblogarticlesearchplugin"}}, {"model": "auth.permission", "pk": 174, "fields": {"name": "Can add news blog authors plugin", "content_type": 63, "codename": "add_newsblogauthorsplugin"}}, {"model": "auth.permission", "pk": 175, "fields": {"name": "Can change news blog authors plugin", "content_type": 63, "codename": "change_newsblogauthorsplugin"}}, {"model": "auth.permission", "pk": 176, "fields": {"name": "Can delete news blog authors plugin", "content_type": 63, "codename": "delete_newsblogauthorsplugin"}}, {"model": "auth.permission", "pk": 177, "fields": {"name": "Can add news blog categories plugin", "content_type": 64, "codename": "add_newsblogcategoriesplugin"}}, {"model": "auth.permission", "pk": 178, "fields": {"name": "Can change news blog categories plugin", "content_type": 64, "codename": "change_newsblogcategoriesplugin"}}, {"model": "auth.permission", "pk": 179, "fields": {"name": "Can delete news blog categories plugin", "content_type": 64, "codename": "delete_newsblogcategoriesplugin"}}, {"model": "auth.permission", "pk": 180, "fields": {"name": "Can add Section", "content_type": 65, "codename": "add_newsblogconfig"}}, {"model": "auth.permission", "pk": 181, "fields": {"name": "Can change Section", "content_type": 65, "codename": "change_newsblogconfig"}}, {"model": "auth.permission", "pk": 182, "fields": {"name": "Can delete Section", "content_type": 65, "codename": "delete_newsblogconfig"}}, {"model": "auth.permission", "pk": 183, "fields": {"name": "Can add news blog featured articles plugin", "content_type": 67, "codename": "add_newsblogfeaturedarticlesplugin"}}, {"model": "auth.permission", "pk": 184, "fields": {"name": "Can change news blog featured articles plugin", "content_type": 67, "codename": "change_newsblogfeaturedarticlesplugin"}}, {"model": "auth.permission", "pk": 185, "fields": {"name": "Can delete news blog featured articles plugin", "content_type": 67, "codename": "delete_newsblogfeaturedarticlesplugin"}}, {"model": "auth.permission", "pk": 186, "fields": {"name": "Can add news blog latest articles plugin", "content_type": 68, "codename": "add_newsbloglatestarticlesplugin"}}, {"model": "auth.permission", "pk": 187, "fields": {"name": "Can change news blog latest articles plugin", "content_type": 68, "codename": "change_newsbloglatestarticlesplugin"}}, {"model": "auth.permission", "pk": 188, "fields": {"name": "Can delete news blog latest articles plugin", "content_type": 68, "codename": "delete_newsbloglatestarticlesplugin"}}, {"model": "auth.permission", "pk": 189, "fields": {"name": "Can add news blog related plugin", "content_type": 69, "codename": "add_newsblogrelatedplugin"}}, {"model": "auth.permission", "pk": 190, "fields": {"name": "Can change news blog related plugin", "content_type": 69, "codename": "change_newsblogrelatedplugin"}}, {"model": "auth.permission", "pk": 191, "fields": {"name": "Can delete news blog related plugin", "content_type": 69, "codename": "delete_newsblogrelatedplugin"}}, {"model": "auth.permission", "pk": 192, "fields": {"name": "Can add news blog tags plugin", "content_type": 70, "codename": "add_newsblogtagsplugin"}}, {"model": "auth.permission", "pk": 193, "fields": {"name": "Can change news blog tags plugin", "content_type": 70, "codename": "change_newsblogtagsplugin"}}, {"model": "auth.permission", "pk": 194, "fields": {"name": "Can delete news blog tags plugin", "content_type": 70, "codename": "delete_newsblogtagsplugin"}}, {"model": "auth.permission", "pk": 195, "fields": {"name": "Can add comment", "content_type": 71, "codename": "add_comment"}}, {"model": "auth.permission", "pk": 196, "fields": {"name": "Can change comment", "content_type": 71, "codename": "change_comment"}}, {"model": "auth.permission", "pk": 197, "fields": {"name": "Can delete comment", "content_type": 71, "codename": "delete_comment"}}, {"model": "auth.permission", "pk": 198, "fields": {"name": "Can add Threaded comment", "content_type": 72, "codename": "add_threadedcomment"}}, {"model": "auth.permission", "pk": 199, "fields": {"name": "Can change Threaded comment", "content_type": 72, "codename": "change_threadedcomment"}}, {"model": "auth.permission", "pk": 200, "fields": {"name": "Can delete Threaded comment", "content_type": 72, "codename": "delete_threadedcomment"}}, {"model": "auth.permission", "pk": 201, "fields": {"name": "Can add comment", "content_type": 73, "codename": "add_comment"}}, {"model": "auth.permission", "pk": 202, "fields": {"name": "Can change comment", "content_type": 73, "codename": "change_comment"}}, {"model": "auth.permission", "pk": 203, "fields": {"name": "Can delete comment", "content_type": 73, "codename": "delete_comment"}}, {"model": "auth.permission", "pk": 204, "fields": {"name": "Can moderate comments", "content_type": 73, "codename": "can_moderate"}}, {"model": "auth.permission", "pk": 205, "fields": {"name": "Can add comment flag", "content_type": 74, "codename": "add_commentflag"}}, {"model": "auth.permission", "pk": 206, "fields": {"name": "Can change comment flag", "content_type": 74, "codename": "change_commentflag"}}, {"model": "auth.permission", "pk": 207, "fields": {"name": "Can delete comment flag", "content_type": 74, "codename": "delete_commentflag"}}, {"model": "auth.permission", "pk": 208, "fields": {"name": "Can add comment", "content_type": 75, "codename": "add_comment"}}, {"model": "auth.permission", "pk": 209, "fields": {"name": "Can change comment", "content_type": 75, "codename": "change_comment"}}, {"model": "auth.permission", "pk": 210, "fields": {"name": "Can delete comment", "content_type": 75, "codename": "delete_comment"}}, {"model": "auth.user", "pk": 1, "fields": {"password": "pbkdf2_sha256$36000$oKse4B90eJjr$y4YDM7xK2E915AYUTxoS0iW+Uw/0jpPfXFQCFsDn5rk=", "last_login": "2018-11-08T15:26:40.220Z", "is_superuser": true, "username": "admin", "first_name": "", "last_name": "", "email": "admin@admin.com", "is_staff": true, "is_active": true, "date_joined": "2018-11-06T18:48:23.568Z", "groups": [], "user_permissions": []}}, {"model": "admin.logentry", "pk": 1, "fields": {"action_time": "2018-11-06T21:46:36.876Z", "user": 1, "content_type": 2, "object_id": "3", "object_repr": "News", "action_flag": 3, "change_message": ""}}, {"model": "admin.logentry", "pk": 2, "fields": {"action_time": "2018-11-06T21:46:41.602Z", "user": 1, "content_type": 2, "object_id": "1", "object_repr": "Home Page", "action_flag": 3, "change_message": ""}}, {"model": "admin.logentry", "pk": 3, "fields": {"action_time": "2018-11-06T21:58:03.785Z", "user": 1, "content_type": 2, "object_id": "6", "object_repr": "Blog", "action_flag": 1, "change_message": "[{\"added\": {}}]"}}, {"model": "admin.logentry", "pk": 4, "fields": {"action_time": "2018-11-06T21:58:36.417Z", "user": 1, "content_type": 2, "object_id": "7", "object_repr": "About Us", "action_flag": 1, "change_message": "[{\"added\": {}}]"}}, {"model": "admin.logentry", "pk": 5, "fields": {"action_time": "2018-11-06T21:59:07.067Z", "user": 1, "content_type": 2, "object_id": "8", "object_repr": "Media", "action_flag": 1, "change_message": "[{\"added\": {}}]"}}, {"model": "admin.logentry", "pk": 6, "fields": {"action_time": "2018-11-06T22:19:03.977Z", "user": 1, "content_type": 24, "object_id": "5", "object_repr": "This is our...", "action_flag": 3, "change_message": ""}}, {"model": "admin.logentry", "pk": 7, "fields": {"action_time": "2018-11-07T08:27:06.927Z", "user": 1, "content_type": 24, "object_id": "6", "object_repr": "hi", "action_flag": 3, "change_message": ""}}, {"model": "admin.logentry", "pk": 8, "fields": {"action_time": "2018-11-07T08:50:02.932Z", "user": 1, "content_type": 2, "object_id": "8", "object_repr": "Media", "action_flag": 2, "change_message": ""}}, {"model": "admin.logentry", "pk": 9, "fields": {"action_time": "2018-11-07T08:50:12.891Z", "user": 1, "content_type": 2, "object_id": "6", "object_repr": "Blog", "action_flag": 2, "change_message": ""}}, {"model": "admin.logentry", "pk": 10, "fields": {"action_time": "2018-11-07T08:50:20.806Z", "user": 1, "content_type": 2, "object_id": "7", "object_repr": "About Us", "action_flag": 2, "change_message": ""}}, {"model": "admin.logentry", "pk": 11, "fields": {"action_time": "2018-11-07T09:45:06.971Z", "user": 1, "content_type": 24, "object_id": "11", "object_repr": "g", "action_flag": 3, "change_message": ""}}, {"model": "admin.logentry", "pk": 12, "fields": {"action_time": "2018-11-07T09:45:49.374Z", "user": 1, "content_type": 24, "object_id": "12", "object_repr": "12312", "action_flag": 3, "change_message": ""}}, {"model": "admin.logentry", "pk": 13, "fields": {"action_time": "2018-11-07T09:54:23.201Z", "user": 1, "content_type": 2, "object_id": "6", "object_repr": "Blog", "action_flag": 2, "change_message": "[{\"changed\": {\"fields\": [\"template\", \"xframe_options\"]}}]"}}, {"model": "admin.logentry", "pk": 14, "fields": {"action_time": "2018-11-07T10:13:08.172Z", "user": 1, "content_type": 65, "object_id": "2", "object_repr": "Blog", "action_flag": 1, "change_message": "[{\"added\": {}}]"}}, {"model": "admin.logentry", "pk": 15, "fields": {"action_time": "2018-11-07T10:13:19.704Z", "user": 1, "content_type": 2, "object_id": "6", "object_repr": "Blog", "action_flag": 2, "change_message": "[{\"changed\": {\"fields\": [\"application_urls\", \"application_namespace\", \"application_configs\", \"xframe_options\"]}}]"}}, {"model": "admin.logentry", "pk": 16, "fields": {"action_time": "2018-11-07T10:15:12.166Z", "user": 1, "content_type": 55, "object_id": "1", "object_repr": "Mohammad", "action_flag": 1, "change_message": "[{\"added\": {}}]"}}, {"model": "admin.logentry", "pk": 17, "fields": {"action_time": "2018-11-07T10:15:20.890Z", "user": 1, "content_type": 55, "object_id": "1", "object_repr": "Mohammad", "action_flag": 2, "change_message": "[{\"changed\": {\"fields\": [\"user\"]}}]"}}, {"model": "admin.logentry", "pk": 18, "fields": {"action_time": "2018-11-07T10:17:24.059Z", "user": 1, "content_type": 59, "object_id": "1", "object_repr": "First Article", "action_flag": 1, "change_message": "[{\"added\": {}}]"}}, {"model": "admin.logentry", "pk": 19, "fields": {"action_time": "2018-11-07T10:20:48.631Z", "user": 1, "content_type": 59, "object_id": "2", "object_repr": "\u0627\u0645\u0646\u06cc\u062a \u0627\u06cc\u0646\u062a\u0631\u0646\u062a \u0627\u0634\u06cc\u0627", "action_flag": 1, "change_message": "[{\"added\": {}}]"}}, {"model": "admin.logentry", "pk": 20, "fields": {"action_time": "2018-11-07T11:49:12.182Z", "user": 1, "content_type": 59, "object_id": "2", "object_repr": "\u0627\u0645\u0646\u06cc\u062a \u0627\u06cc\u0646\u062a\u0631\u0646\u062a \u0627\u0634\u06cc\u0627", "action_flag": 2, "change_message": "[{\"changed\": {\"fields\": [\"is_published\", \"tags\"]}}]"}}, {"model": "admin.logentry", "pk": 21, "fields": {"action_time": "2018-11-07T11:55:14.207Z", "user": 1, "content_type": 59, "object_id": "3", "object_repr": "third", "action_flag": 1, "change_message": "[{\"added\": {}}]"}}, {"model": "admin.logentry", "pk": 22, "fields": {"action_time": "2018-11-07T12:00:16.113Z", "user": 1, "content_type": 2, "object_id": "6", "object_repr": "Blog", "action_flag": 2, "change_message": ""}}, {"model": "admin.logentry", "pk": 23, "fields": {"action_time": "2018-11-07T18:03:27.361Z", "user": 1, "content_type": 59, "object_id": "3", "object_repr": "third", "action_flag": 2, "change_message": "[{\"changed\": {\"fields\": [\"featured_image\", \"tags\"]}}]"}}, {"model": "admin.logentry", "pk": 24, "fields": {"action_time": "2018-11-07T18:03:48.657Z", "user": 1, "content_type": 59, "object_id": "2", "object_repr": "\u0627\u0645\u0646\u06cc\u062a \u0627\u06cc\u0646\u062a\u0631\u0646\u062a \u0627\u0634\u06cc\u0627", "action_flag": 2, "change_message": "[{\"changed\": {\"fields\": [\"featured_image\", \"tags\"]}}]"}}, {"model": "admin.logentry", "pk": 25, "fields": {"action_time": "2018-11-07T19:40:21.072Z", "user": 1, "content_type": 59, "object_id": "3", "object_repr": "third", "action_flag": 2, "change_message": "[{\"changed\": {\"fields\": [\"tags\"]}}]"}}, {"model": "admin.logentry", "pk": 26, "fields": {"action_time": "2018-11-07T19:49:45.279Z", "user": 1, "content_type": 50, "object_id": "1", "object_repr": "VideoCasts", "action_flag": 1, "change_message": "[{\"added\": {}}]"}}, {"model": "admin.logentry", "pk": 27, "fields": {"action_time": "2018-11-07T19:50:20.220Z", "user": 1, "content_type": 50, "object_id": "2", "object_repr": "Articles", "action_flag": 1, "change_message": "[{\"added\": {}}]"}}, {"model": "admin.logentry", "pk": 28, "fields": {"action_time": "2018-11-07T19:50:29.834Z", "user": 1, "content_type": 59, "object_id": "3", "object_repr": "third", "action_flag": 2, "change_message": "[{\"changed\": {\"fields\": [\"tags\"]}}]"}}, {"model": "admin.logentry", "pk": 29, "fields": {"action_time": "2018-11-07T19:50:53.586Z", "user": 1, "content_type": 59, "object_id": "3", "object_repr": "third", "action_flag": 2, "change_message": "[{\"changed\": {\"fields\": [\"tags\", \"categories\"]}}]"}}, {"model": "admin.logentry", "pk": 30, "fields": {"action_time": "2018-11-07T20:08:40.738Z", "user": 1, "content_type": 2, "object_id": "6", "object_repr": "Blog", "action_flag": 2, "change_message": ""}}, {"model": "admin.logentry", "pk": 31, "fields": {"action_time": "2018-11-07T20:09:38.179Z", "user": 1, "content_type": 59, "object_id": "3", "object_repr": "third", "action_flag": 2, "change_message": "[{\"changed\": {\"fields\": [\"tags\", \"categories\"]}}]"}}, {"model": "admin.logentry", "pk": 32, "fields": {"action_time": "2018-11-07T20:11:53.039Z", "user": 1, "content_type": 55, "object_id": "1", "object_repr": "Mohammad", "action_flag": 2, "change_message": "[{\"changed\": {\"fields\": [\"visual\"]}}]"}}, {"model": "admin.logentry", "pk": 33, "fields": {"action_time": "2018-11-07T20:11:58.663Z", "user": 1, "content_type": 59, "object_id": "3", "object_repr": "third", "action_flag": 2, "change_message": "[{\"changed\": {\"fields\": [\"tags\"]}}]"}}, {"model": "admin.logentry", "pk": 34, "fields": {"action_time": "2018-11-07T20:12:57.055Z", "user": 1, "content_type": 59, "object_id": "1", "object_repr": "First Article", "action_flag": 2, "change_message": "[{\"changed\": {\"fields\": [\"lead_in\", \"tags\"]}}]"}}, {"model": "admin.logentry", "pk": 35, "fields": {"action_time": "2018-11-07T21:45:21.612Z", "user": 1, "content_type": 59, "object_id": "3", "object_repr": "third", "action_flag": 2, "change_message": "[{\"changed\": {\"fields\": [\"lead_in\", \"tags\"]}}]"}}, {"model": "admin.logentry", "pk": 36, "fields": {"action_time": "2018-11-08T08:15:53.565Z", "user": 1, "content_type": 2, "object_id": "7", "object_repr": "About Us", "action_flag": 2, "change_message": "[{\"changed\": {\"fields\": [\"xframe_options\"]}}]"}}, {"model": "admin.logentry", "pk": 37, "fields": {"action_time": "2018-11-08T08:15:56.327Z", "user": 1, "content_type": 2, "object_id": "7", "object_repr": "About Us", "action_flag": 2, "change_message": ""}}, {"model": "admin.logentry", "pk": 38, "fields": {"action_time": "2018-11-08T08:15:59.661Z", "user": 1, "content_type": 2, "object_id": "4", "object_repr": "Home Page", "action_flag": 2, "change_message": ""}}, {"model": "admin.logentry", "pk": 39, "fields": {"action_time": "2018-11-08T09:07:06.228Z", "user": 1, "content_type": 2, "object_id": "8", "object_repr": "Media", "action_flag": 2, "change_message": "[{\"changed\": {\"fields\": [\"template\", \"xframe_options\"]}}]"}}, {"model": "admin.logentry", "pk": 40, "fields": {"action_time": "2018-11-08T09:14:34.321Z", "user": 1, "content_type": 71, "object_id": "1", "object_repr": "pk=1", "action_flag": 1, "change_message": "[{\"added\": {}}]"}}, {"model": "admin.logentry", "pk": 41, "fields": {"action_time": "2018-11-08T09:16:00.208Z", "user": 1, "content_type": 71, "object_id": "1", "object_repr": "pk=1", "action_flag": 3, "change_message": ""}}, {"model": "admin.logentry", "pk": 42, "fields": {"action_time": "2018-11-08T09:44:51.789Z", "user": 1, "content_type": 72, "object_id": "1", "object_repr": "mohy: asdasdsd...", "action_flag": 1, "change_message": "[{\"added\": {}}]"}}, {"model": "admin.logentry", "pk": 43, "fields": {"action_time": "2018-11-08T15:47:31.674Z", "user": 1, "content_type": 2, "object_id": "7", "object_repr": "About Us", "action_flag": 2, "change_message": "[{\"changed\": {\"fields\": [\"application_urls\", \"application_namespace\", \"xframe_options\"]}}]"}}, {"model": "admin.logentry", "pk": 44, "fields": {"action_time": "2018-11-08T16:47:56.360Z", "user": 1, "content_type": 75, "object_id": "4", "object_repr": "comment object", "action_flag": 3, "change_message": ""}}, {"model": "admin.logentry", "pk": 45, "fields": {"action_time": "2018-11-08T16:47:56.558Z", "user": 1, "content_type": 75, "object_id": "3", "object_repr": "comment object", "action_flag": 3, "change_message": ""}}, {"model": "admin.logentry", "pk": 46, "fields": {"action_time": "2018-11-08T16:47:56.690Z", "user": 1, "content_type": 75, "object_id": "2", "object_repr": "comment object", "action_flag": 3, "change_message": ""}}, {"model": "admin.logentry", "pk": 47, "fields": {"action_time": "2018-11-08T16:47:56.846Z", "user": 1, "content_type": 75, "object_id": "1", "object_repr": "comment object", "action_flag": 3, "change_message": ""}}, {"model": "admin.logentry", "pk": 48, "fields": {"action_time": "2018-11-08T16:48:03.208Z", "user": 1, "content_type": 2, "object_id": "7", "object_repr": "About Us", "action_flag": 2, "change_message": ""}}, {"model": "admin.logentry", "pk": 49, "fields": {"action_time": "2018-11-08T16:49:59.747Z", "user": 1, "content_type": 65, "object_id": "3", "object_repr": "Media", "action_flag": 1, "change_message": "[{\"added\": {}}]"}}, {"model": "admin.logentry", "pk": 50, "fields": {"action_time": "2018-11-08T16:50:09.559Z", "user": 1, "content_type": 2, "object_id": "8", "object_repr": "Media", "action_flag": 2, "change_message": "[{\"changed\": {\"fields\": [\"application_urls\", \"application_namespace\", \"application_configs\", \"xframe_options\"]}}]"}}, {"model": "admin.logentry", "pk": 51, "fields": {"action_time": "2018-11-08T16:59:03.446Z", "user": 1, "content_type": 59, "object_id": "4", "object_repr": "Fundamentals of Python", "action_flag": 1, "change_message": "[{\"added\": {}}]"}}, {"model": "admin.logentry", "pk": 52, "fields": {"action_time": "2018-11-08T17:01:43.027Z", "user": 1, "content_type": 59, "object_id": "5", "object_repr": "welcome", "action_flag": 1, "change_message": "[{\"added\": {}}]"}}, {"model": "admin.logentry", "pk": 53, "fields": {"action_time": "2018-11-08T17:02:51.402Z", "user": 1, "content_type": 59, "object_id": "6", "object_repr": "full of fun", "action_flag": 1, "change_message": "[{\"added\": {}}]"}}, {"model": "admin.logentry", "pk": 54, "fields": {"action_time": "2018-11-08T17:03:27.537Z", "user": 1, "content_type": 59, "object_id": "7", "object_repr": "be helpfull", "action_flag": 1, "change_message": "[{\"added\": {}}]"}}, {"model": "admin.logentry", "pk": 55, "fields": {"action_time": "2018-11-08T17:03:43.079Z", "user": 1, "content_type": 59, "object_id": "7", "object_repr": "be helpfull", "action_flag": 2, "change_message": "[{\"changed\": {\"fields\": [\"featured_image\", \"tags\"]}}]"}}, {"model": "admin.logentry", "pk": 56, "fields": {"action_time": "2018-11-08T21:37:25.025Z", "user": 1, "content_type": 75, "object_id": "17", "object_repr": "final", "action_flag": 3, "change_message": ""}}, {"model": "admin.logentry", "pk": 57, "fields": {"action_time": "2018-11-08T21:37:25.182Z", "user": 1, "content_type": 75, "object_id": "16", "object_repr": "asdasd", "action_flag": 3, "change_message": ""}}, {"model": "admin.logentry", "pk": 58, "fields": {"action_time": "2018-11-08T21:37:25.382Z", "user": 1, "content_type": 75, "object_id": "15", "object_repr": "asdasd", "action_flag": 3, "change_message": ""}}, {"model": "admin.logentry", "pk": 59, "fields": {"action_time": "2018-11-08T21:37:25.561Z", "user": 1, "content_type": 75, "object_id": "14", "object_repr": "sdfsdf", "action_flag": 3, "change_message": ""}}, {"model": "admin.logentry", "pk": 60, "fields": {"action_time": "2018-11-08T21:37:25.727Z", "user": 1, "content_type": 75, "object_id": "13", "object_repr": "asdasdasd", "action_flag": 3, "change_message": ""}}, {"model": "admin.logentry", "pk": 61, "fields": {"action_time": "2018-11-08T21:37:25.894Z", "user": 1, "content_type": 75, "object_id": "12", "object_repr": "zcxv", "action_flag": 3, "change_message": ""}}, {"model": "admin.logentry", "pk": 62, "fields": {"action_time": "2018-11-08T21:37:26.083Z", "user": 1, "content_type": 75, "object_id": "11", "object_repr": "asd", "action_flag": 3, "change_message": ""}}, {"model": "admin.logentry", "pk": 63, "fields": {"action_time": "2018-11-08T21:37:26.271Z", "user": 1, "content_type": 75, "object_id": "10", "object_repr": "asd", "action_flag": 3, "change_message": ""}}, {"model": "admin.logentry", "pk": 64, "fields": {"action_time": "2018-11-08T21:37:26.450Z", "user": 1, "content_type": 75, "object_id": "9", "object_repr": "asdasd", "action_flag": 3, "change_message": ""}}, {"model": "admin.logentry", "pk": 65, "fields": {"action_time": "2018-11-08T21:37:26.605Z", "user": 1, "content_type": 75, "object_id": "8", "object_repr": "cghf", "action_flag": 3, "change_message": ""}}, {"model": "admin.logentry", "pk": 66, "fields": {"action_time": "2018-11-08T21:37:26.775Z", "user": 1, "content_type": 75, "object_id": "7", "object_repr": "fgh", "action_flag": 3, "change_message": ""}}, {"model": "admin.logentry", "pk": 67, "fields": {"action_time": "2018-11-08T21:37:26.950Z", "user": 1, "content_type": 75, "object_id": "6", "object_repr": "asdasd", "action_flag": 3, "change_message": ""}}, {"model": "admin.logentry", "pk": 68, "fields": {"action_time": "2018-11-08T21:37:27.116Z", "user": 1, "content_type": 75, "object_id": "5", "object_repr": "yumyumyum", "action_flag": 3, "change_message": ""}}, {"model": "admin.logentry", "pk": 69, "fields": {"action_time": "2018-11-08T21:51:07.161Z", "user": 1, "content_type": 2, "object_id": "12", "object_repr": "Portfolio", "action_flag": 1, "change_message": "[{\"added\": {}}]"}}, {"model": "admin.logentry", "pk": 70, "fields": {"action_time": "2018-11-08T21:53:10.952Z", "user": 1, "content_type": 2, "object_id": "12", "object_repr": "Portfolio", "action_flag": 2, "change_message": "[{\"changed\": {\"fields\": [\"template\", \"xframe_options\"]}}]"}}, {"model": "admin.logentry", "pk": 71, "fields": {"action_time": "2018-11-08T21:53:15.293Z", "user": 1, "content_type": 2, "object_id": "8", "object_repr": "Media", "action_flag": 2, "change_message": ""}}, {"model": "admin.logentry", "pk": 72, "fields": {"action_time": "2018-11-08T21:53:19.086Z", "user": 1, "content_type": 2, "object_id": "12", "object_repr": "Portfolio", "action_flag": 2, "change_message": ""}}, {"model": "admin.logentry", "pk": 73, "fields": {"action_time": "2018-11-08T21:54:17.437Z", "user": 1, "content_type": 65, "object_id": "4", "object_repr": "Portfolio", "action_flag": 1, "change_message": "[{\"added\": {}}]"}}, {"model": "admin.logentry", "pk": 74, "fields": {"action_time": "2018-11-08T21:54:22.674Z", "user": 1, "content_type": 2, "object_id": "12", "object_repr": "Portfolio", "action_flag": 2, "change_message": "[{\"changed\": {\"fields\": [\"application_urls\", \"application_namespace\", \"application_configs\", \"xframe_options\"]}}]"}}, {"model": "admin.logentry", "pk": 75, "fields": {"action_time": "2018-11-08T21:54:29.551Z", "user": 1, "content_type": 2, "object_id": "12", "object_repr": "Portfolio", "action_flag": 2, "change_message": ""}}, {"model": "admin.logentry", "pk": 76, "fields": {"action_time": "2018-11-08T22:00:50.603Z", "user": 1, "content_type": 59, "object_id": "8", "object_repr": "Website Design", "action_flag": 1, "change_message": "[{\"added\": {}}]"}}, {"model": "admin.logentry", "pk": 77, "fields": {"action_time": "2018-11-08T22:13:10.144Z", "user": 1, "content_type": 55, "object_id": "2", "object_repr": "Wombat86", "action_flag": 1, "change_message": "[{\"added\": {}}]"}}, {"model": "admin.logentry", "pk": 78, "fields": {"action_time": "2018-11-08T22:32:05.800Z", "user": 1, "content_type": 59, "object_id": "9", "object_repr": "Second Part of Python fundamental", "action_flag": 1, "change_message": "[{\"added\": {}}]"}}, {"model": "cms.usersettings", "pk": 1, "fields": {"user": 1, "language": "en", "clipboard": 1}}, {"model": "filer.file", "pk": 1, "fields": {"polymorphic_ctype": 30, "folder": null, "file": "filer_public/c8/1c/c81c6835-c2e3-4ca7-ae4e-06f688450412/nuno-antunes-1071115-unsplash.jpg", "_file_size": 5148488, "sha1": "1e578c03a3a5cecefc6fb6e95403624d0efccc1a", "has_all_mandatory_data": false, "original_filename": "nuno-antunes-1071115-unsplash.jpg", "name": "", "description": null, "owner": 1, "uploaded_at": "2018-11-07T10:16:31.039Z", "modified_at": "2018-11-07T10:16:31.040Z", "is_public": true}}, {"model": "filer.file", "pk": 2, "fields": {"polymorphic_ctype": 30, "folder": null, "file": "filer_public/c9/3e/c93e34c9-8dae-448d-8e29-7d2a508a8300/mohy.jpg", "_file_size": 57866, "sha1": "efc45213fe59246331366c31c75a10df9dd15609", "has_all_mandatory_data": false, "original_filename": "mohy.jpg", "name": "", "description": null, "owner": 1, "uploaded_at": "2018-11-07T20:11:39.989Z", "modified_at": "2018-11-07T20:11:39.989Z", "is_public": true}}, {"model": "filer.file", "pk": 3, "fields": {"polymorphic_ctype": 30, "folder": null, "file": "filer_public/5c/31/5c31db93-3f81-4f44-bf34-f5ed508f4b60/3.jpg", "_file_size": 42962, "sha1": "73ba69c3dfad641cca47a4ab7ac7c023d54f7d6d", "has_all_mandatory_data": false, "original_filename": "3.jpg", "name": "", "description": null, "owner": 1, "uploaded_at": "2018-11-08T16:57:11.416Z", "modified_at": "2018-11-08T16:57:11.416Z", "is_public": true}}, {"model": "filer.file", "pk": 4, "fields": {"polymorphic_ctype": 30, "folder": null, "file": "filer_public/a8/ec/a8eca556-1e79-4c04-abb1-3376eff4d62f/13.jpg", "_file_size": 70734, "sha1": "4bf42b0bb60a73904d07010e1d4527cf36504de2", "has_all_mandatory_data": false, "original_filename": "13.jpg", "name": "", "description": null, "owner": 1, "uploaded_at": "2018-11-08T17:02:23.888Z", "modified_at": "2018-11-08T17:02:23.888Z", "is_public": true}}, {"model": "filer.file", "pk": 5, "fields": {"polymorphic_ctype": 30, "folder": null, "file": "filer_public/6c/fc/6cfc841f-7414-408f-8781-ec99f21173f5/iot.jpg", "_file_size": 33547, "sha1": "5f4775723eca83f89d5f090dc393dd32ee6519ae", "has_all_mandatory_data": false, "original_filename": "iot.jpg", "name": "", "description": null, "owner": 1, "uploaded_at": "2018-11-08T21:59:29.027Z", "modified_at": "2018-11-08T21:59:29.027Z", "is_public": true}}, {"model": "filer.file", "pk": 6, "fields": {"polymorphic_ctype": 30, "folder": null, "file": "filer_public/74/c9/74c9ab97-1f4b-4c39-8ea8-72239a1db872/wombat.jpg", "_file_size": 88207, "sha1": "b969db369bad74ec466225c030457b09dbcac6fc", "has_all_mandatory_data": false, "original_filename": "wombat.jpg", "name": "", "description": null, "owner": 1, "uploaded_at": "2018-11-08T22:12:57.007Z", "modified_at": "2018-11-08T22:12:57.007Z", "is_public": true}}, {"model": "filer.file", "pk": 7, "fields": {"polymorphic_ctype": 30, "folder": null, "file": "filer_public/1e/45/1e45b66e-559d-41ba-998d-9f740b34bb40/1.jpg", "_file_size": 2273767, "sha1": "ad775a4584928475317e09665630dd9402fa7a27", "has_all_mandatory_data": false, "original_filename": "1.jpg", "name": "", "description": null, "owner": 1, "uploaded_at": "2018-11-08T22:30:36.517Z", "modified_at": "2018-11-08T22:30:36.517Z", "is_public": true}}, {"model": "filer.clipboard", "pk": 1, "fields": {"user": 1}}, {"model": "filer.image", "pk": 1, "fields": {"_height": 2976, "_width": 3968, "default_alt_text": null, "default_caption": null, "subject_location": "", "date_taken": "2018-11-07T10:16:31.000Z", "author": null, "must_always_publish_author_credit": false, "must_always_publish_copyright": false}}, {"model": "filer.image", "pk": 2, "fields": {"_height": 640, "_width": 640, "default_alt_text": null, "default_caption": null, "subject_location": "", "date_taken": "2018-11-07T20:11:39.983Z", "author": null, "must_always_publish_author_credit": false, "must_always_publish_copyright": false}}, {"model": "filer.image", "pk": 3, "fields": {"_height": 853, "_width": 1280, "default_alt_text": null, "default_caption": null, "subject_location": "", "date_taken": "2018-11-08T16:57:11.368Z", "author": null, "must_always_publish_author_credit": false, "must_always_publish_copyright": false}}, {"model": "filer.image", "pk": 4, "fields": {"_height": 851, "_width": 1280, "default_alt_text": null, "default_caption": null, "subject_location": "", "date_taken": "2018-11-08T17:02:23.848Z", "author": null, "must_always_publish_author_credit": false, "must_always_publish_copyright": false}}, {"model": "filer.image", "pk": 5, "fields": {"_height": 562, "_width": 1000, "default_alt_text": null, "default_caption": null, "subject_location": "", "date_taken": "2018-11-08T21:59:29.019Z", "author": null, "must_always_publish_author_credit": false, "must_always_publish_copyright": false}}, {"model": "filer.image", "pk": 6, "fields": {"_height": 883, "_width": 720, "default_alt_text": null, "default_caption": null, "subject_location": "", "date_taken": "2018-11-08T22:12:57.001Z", "author": null, "must_always_publish_author_credit": false, "must_always_publish_copyright": false}}, {"model": "filer.image", "pk": 7, "fields": {"_height": 1667, "_width": 2500, "default_alt_text": null, "default_caption": null, "subject_location": "", "date_taken": "2018-11-08T22:30:36.509Z", "author": null, "must_always_publish_author_credit": false, "must_always_publish_copyright": false}}, {"model": "aldryn_people.person", "pk": 1, "fields": {"phone": null, "mobile": null, "fax": null, "email": "", "website": null, "visual": 2, "vcard_enabled": true, "user": 1, "groups": []}}, {"model": "aldryn_people.person", "pk": 2, "fields": {"phone": null, "mobile": null, "fax": null, "email": "22moein86@gmail.com", "website": null, "visual": 6, "vcard_enabled": true, "user": null, "groups": []}}, {"model": "aldryn_newsblog.article", "pk": 1, "fields": {"content": 29, "author": 1, "owner": 1, "app_config": 2, "publishing_date": "2018-11-07T10:14:24Z", "is_published": true, "is_featured": false, "featured_image": 1, "categories": [], "related": []}}, {"model": "aldryn_newsblog.article", "pk": 2, "fields": {"content": 32, "author": 1, "owner": 1, "app_config": 2, "publishing_date": "2018-11-07T10:20:33Z", "is_published": true, "is_featured": false, "featured_image": 1, "categories": [], "related": []}}, {"model": "aldryn_newsblog.article", "pk": 3, "fields": {"content": 33, "author": 1, "owner": 1, "app_config": 2, "publishing_date": "2018-11-07T11:54:59Z", "is_published": true, "is_featured": false, "featured_image": 1, "categories": [], "related": []}}, {"model": "aldryn_newsblog.article", "pk": 4, "fields": {"content": 51, "author": 1, "owner": 1, "app_config": 3, "publishing_date": "2018-11-08T16:54:36Z", "is_published": true, "is_featured": false, "featured_image": 3, "categories": [], "related": []}}, {"model": "aldryn_newsblog.article", "pk": 5, "fields": {"content": 53, "author": 1, "owner": 1, "app_config": 2, "publishing_date": "2018-11-08T17:01:02Z", "is_published": true, "is_featured": false, "featured_image": 3, "categories": [], "related": []}}, {"model": "aldryn_newsblog.article", "pk": 6, "fields": {"content": 54, "author": 1, "owner": 1, "app_config": 2, "publishing_date": "2018-11-08T17:02:06Z", "is_published": true, "is_featured": false, "featured_image": 4, "categories": [], "related": []}}, {"model": "aldryn_newsblog.article", "pk": 7, "fields": {"content": 55, "author": 1, "owner": 1, "app_config": 2, "publishing_date": "2018-11-08T17:03:04Z", "is_published": true, "is_featured": false, "featured_image": 1, "categories": [], "related": []}}, {"model": "aldryn_newsblog.article", "pk": 8, "fields": {"content": 67, "author": 1, "owner": 1, "app_config": 4, "publishing_date": "2018-11-08T21:54:44Z", "is_published": true, "is_featured": false, "featured_image": 5, "categories": [], "related": []}}, {"model": "aldryn_newsblog.article", "pk": 9, "fields": {"content": 68, "author": 2, "owner": 1, "app_config": 3, "publishing_date": "2018-11-08T22:29:55Z", "is_published": true, "is_featured": false, "featured_image": 7, "categories": [], "related": []}}]